,avg of sum,avg of ana,avg of cata
0,1603.556994,50,52
1,1605.565337,83.81605558,77.35656756
2,1607.911112,78.19526729,71.21069512
3,1610.635508,72.68897499,65.20691487
4,1613.788495,67.3034971,59.35448808
5,1617.38544,62.04545663,53.7546005
6,1622.160855,95.89035051,79.26440575
7,1627.400209,90.06243559,73.08744286
8,1632.677592,84.340464,67.05144914
9,1637.839733,78.72943703,61.16511708
10,1642.879328,73.2344203,55.474062
11,1648.397838,107.339102,81.2936316
12,1653.81696,101.3457763,75.08929999
13,1659.130413,95.45013224,69.02307249
14,1664.331311,89.65629648,63.10319897
15,1669.412148,83.96853305,57.34822769
16,1674.963755,118.3650407,83.48242964
17,1680.418178,112.2303616,77.24826589
18,1685.769415,106.1865787,71.14921373
19,1691.010893,100.2372406,65.19316441
20,1696.135304,94.38600713,59.39095202
21,1701.721607,129.0857771,85.83308606
22,1707.212961,122.8274605,79.56671705
23,1712.603638,116.6543679,73.43243191
24,1717.887379,110.569596,67.43776308
25,1723.057194,104.5763338,61.59098641
26,1728.679475,139.5872113,88.33506182
27,1734.209053,133.2188425,82.03455819
28,1739.640473,126.9308463,75.86309466
29,1744.967784,120.7259565,69.82785049
30,1750.184354,114.6069854,63.93661257
31,1755.843594,149.9343631,90.97726382
32,1761.412375,143.4666595,84.64111178
33,1766.885505,137.0751046,78.43096167
34,1772.257335,130.7621355,72.35364843
35,1777.521579,124.5302558,66.41657552
36,1783.218492,160.1777881,93.74898054
37,1788.827169,153.619401,87.37603999
38,1794.342678,147.1334336,81.12608773
39,1799.759654,140.7220747,75.00562597
40,1805.07215,134.3875711,69.02168808
41,1810.807231,170.3576414,96.64146432
42,1816.456271,163.7156895,90.23089485
43,1822.014584,157.1428266,83.94033965
44,1827.477083,150.6410314,77.77598124
45,1832.838138,144.2123336,71.74449792
46,1838.611711,180.499165,99.64762005
47,1844.3014,173.7796598,93.19882077
48,1849.902753,167.1262424,86.86711279
49,1855.410947,160.5407115,80.65837278
50,1860.820658,154.0249109,74.57893988
51,1866.632909,190.1435491,102.7616756
52,1872.363388,183.3555395,96.27423752
53,1878.007868,176.6310148,89.90102722
54,1883.561774,169.9716171,83.64762969
55,1889.020071,163.379033,77.52006116
56,1894.871076,197.0163643,105.9789204
57,1900.642371,190.1865135,99.45258873
58,1906.329943,183.4184002,93.03768658
59,1911.929453,176.7135451,86.7395216
60,1917.43614,170.0735246,80.56380338
61,1923.325887,199.6251092,109.2954983
62,1929.137934,192.7905335,102.7301421
63,1934.868469,186.0169719,96.27348654
64,1940.513379,179.3058808,89.930576
65,1946.06816,172.6587875,83.70682938
66,1951.996564,199.9818273,112.7082423
67,1957.849225,193.1614846,106.1038305
68,1963.622521,186.4018994,99.60546241
69,1969.312552,179.7045108,93.21793277
70,1974.915054,173.0708328,86.94638539
71,1980.881975,199.99996,116.2145431
72,1986.775054,193.1965304,109.5711253
73,1992.590849,186.4536689,103.0311675
74,1998.325662,179.7728073,96.59922812
75,2003.975455,173.1554516,90.28019088
76,2009.980708,200,119.812244
77,2015.913963,193.2134714,113.1299349
78,2021.77195,186.4873272,106.5485759
79,2027.55116,179.8229923,100.0725017
80,2033.24777,173.2219652,93.7063503
81,2039.291131,200,123.4995569
82,2045.264284,193.2302126,116.7785238
83,2051.164121,186.5206281,110.1560043
84,2056.987309,179.8726644,103.6361217
85,2062.730229,173.2878126,97.22328219
86,2068.811446,200,127.274994
87,2074.824191,193.2467965,120.5154466
88,2080.765506,186.5536164,113.8520492
89,2086.632229,179.9218708,107.2887253
90,2092.420928,173.3530435,100.829662
91,2098.539726,200,131.1373134
92,2104.591732,193.2632259,124.3394958
93,2110.574135,186.5862977,117.6355362
94,2116.483928,179.9706197,111.0291692
95,2122.317859,173.4176682,104.5243756
96,2128.473944,200,135.0854749
97,2134.564866,193.2795033,128.2496585
98,2140.587948,186.6186769,121.5054784
99,2146.540335,180.0189184,114.8564909
100,2152.418939,173.4816968,108.3064819
101,2158.610791,200,139.1186034
102,2164.740269,193.2956305,132.2450813
103,2170.803612,186.6507578,125.4610427
104,2176.798105,180.0667727,118.7698751
105,2182.720819,173.5451368,112.1751805
106,2188.937624,200,143.2359493
107,2195.102038,193.3116056,136.3250287
108,2201.204897,186.6825349,129.5015046
109,2207.241004,180.1141733,122.7686061
110,2213.20726,173.6079751,116.129762
111,2219.401896,200,147.4367494
112,2225.577546,193.3274082,140.4887348
113,2231.710324,186.7139587,133.6260868
114,2237.785338,180.161038,126.8518901
115,2243.794534,173.6700964,120.1694125
116,2249.881877,200,151.7195776
117,2255.996721,193.3429859,144.7347497
118,2262.109376,186.7449018,137.8332962
119,2268.197709,180.2071464,131.0181746
120,2274.240195,173.7311781,124.2925105
121,2280.088478,200,156.0808434
122,2286.041261,193.3582108,149.059419
123,2292.04466,186.7750971,142.1194045
124,2298.069256,180.2520757,135.2636432
125,2304.0891,173.7906192,128.4951323
126,2309.504609,200,160.5129309
127,2315.11549,193.3728493,153.4550147
128,2320.878325,186.804044,146.4765459
129,2326.736172,180.2950429,139.5802804
130,2332.640846,173.8473464,132.7691065
131,2337.463607,200,165.0019735
132,2342.522207,193.3866011,157.9075607
133,2347.809567,186.8311276,150.890626
134,2353.30138,180.3350723,143.9538387
135,2358.952833,173.899984,137.1000035
136,2363.118466,200,169.5257988
137,2367.517549,193.3990884,162.3947845
138,2372.159689,186.855647,155.3393196
139,2377.049462,180.371174,148.3619718
140,2382.181618,173.947237,141.4654465
141,2385.687112,200,174.0553162
142,2389.406993,193.409969,166.8875718
143,2393.35443,186.8769663,159.7935327
144,2397.54256,180.4024809,152.7756609
145,2401.984343,173.9880759,145.8365518
146,2404.847308,200,178.559554
147,2407.904187,193.4191276,171.3551016
148,2411.167373,186.8948734,164.2226139
149,2414.65007,180.4287153,157.1644522
150,2418.366496,174.0222052,150.1831053
151,2420.610227,200,183.0093329
152,2423.028374,193.4266103,175.7684325
153,2425.632066,186.9094626,168.5978628
154,2428.433144,180.4500244,161.4998926
155,2431.444461,174.0498366,154.4769112
156,2433.094656,200,187.378322
157,2434.900916,193.4325087,180.1014612
158,2436.873204,186.9209155,172.8934031
159,2439.022107,180.4666786,165.7563316
160,2441.359106,174.0713295,158.6925449
161,2442.443133,200,191.6429744
162,2443.66601,193.4369168,184.3308306
163,2445.036631,186.9294184,177.0860655
164,2446.56443,180.4789551,169.9107855
165,2448.259628,174.0870499,162.8072052
166,2448.806056,200,195.7822494
167,2449.475239,193.4399243,188.4356549
168,2450.275089,186.9351489,181.1551161
169,2451.213979,180.4871174,173.9426687
170,2452.300979,174.0973456,166.8004514
171,2452.339213,200,199.7773575
172,2452.485199,193.441616,192.3972701
173,2452.745946,186.9382753,185.0820136
174,2453.128858,180.4914156,177.8335589
175,2453.64195,174.1025466,170.653976
176,2453.201941,200,203.6115424
177,2452.855738,193.4420728,196.1990226
178,2452.609527,186.9389576,188.8502033
179,2452.469824,180.4920874,181.5669968
180,2452.44368,174.1029668,174.3514104
181,2451.555696,200,207.2698973
182,2450.748597,193.4413714,199.8260895
183,2450.027815,186.9373481,192.4449426
184,2449.399056,180.489359,185.1283162
185,2448.868494,174.0989049,177.8781608
186,2447.562942,200,210.7392112
187,2446.326343,193.4395851,203.2653287
188,2445.163443,186.9335919,195.8531551
189,2444.079208,180.4834465,188.5045021
190,2443.079012,174.0906464,181.2212695
191,2441.386303,200,214.007841
192,2439.751568,193.4367841,206.505154
193,2438.178928,186.9278285,199.0633079
194,2436.67268,180.4745569,191.6840717
195,2435.237468,174.0784648,184.3692992
196,2433.187907,200,217.0656055
197,2431.186261,193.4330359,209.5354318
198,2429.236085,186.9201917,202.0653118
199,2427.341066,180.4628896,194.6569764
200,2425.505191,174.0626237,187.3122385
201,2423.128895,200,219.9037002
202,2420.791343,193.4284057,212.3473973
203,2418.495577,186.9108111,204.8504391
204,2416.244735,180.4486375,197.4145221
205,2414.042208,174.0433785,190.0414232
206,2411.369043,200,222.5146278
207,2408.726306,193.422957,214.9335876
208,2406.116581,186.8998126,207.4112577
209,2403.54251,180.4319882,199.9493051
210,2401.006949,174.0209773,192.5494745
211,2398.066477,200,224.8921447
212,2395.148947,193.4167518,217.2877882
213,2392.256531,186.8873196,209.7415803
214,2389.39143,180.4131253,202.2551617
215,2386.556018,173.9956635,194.8302496
216,2383.377458,200,227.0312193
217,2380.215158,193.4098508,219.4049933
218,2377.070922,186.8734529,211.8364242
219,2373.946559,180.3922294,204.3271303
220,2370.844017,173.9676762,196.8788046
221,2367.456213,200,228.9280016
222,2364.078763,193.4023144,221.2813758
223,2360.713152,186.8583325,213.691983
224,2357.36084,180.3694792,206.1614225
225,2354.023403,173.9372524,198.691367
226,2350.454792,200,230.5798027
227,2346.891387,193.3942022,222.9142672
228,2343.334394,186.8420772,215.3056066
229,2339.784971,180.3450521,207.7554044
230,2336.244369,173.9046277,200.2653169
231,2332.522955,200,231.9850811
232,2328.802336,193.3855739,224.3021446
233,2325.083479,186.8248058,216.6757887
234,2321.367286,180.3191257,209.1075847
235,2317.654727,173.8700375,201.5991754
236,2313.808055,200,233.1434368
237,2309.958487,193.3764894,225.4446245
238,2306.10679,186.8066376,217.802161
239,2302.253649,180.2918781,210.2176081
240,2298.399801,173.8337183,202.6925985
241,2294.454931,200,234.055609
242,2290.504175,193.3670088,226.3424614
243,2286.548139,186.7876926,218.6854915
244,2282.587334,180.2634884,211.0862546
245,2278.622306,173.7959083,203.5463766
246,2274.605777,200,234.7234791
247,2270.581062,193.357193,226.9975501
248,2266.548642,186.7680918,219.327687
249,2262.508891,180.234138,211.7154416
250,2258.462208,173.756848,204.1624357
251,2254.400011,200,235.150075
252,2250.328001,193.3471033,227.4129302
253,2246.24657,186.7479579,219.7317975
254,2242.155997,180.20401,212.1082277
255,2238.056573,173.7167811,204.543842
256,2233.974109,200,235.3395767
257,2229.880864,193.3368022,227.5927914
258,2225.777181,186.7274153,219.9020209
259,2221.663277,180.1732902,212.2688181
260,2217.539381,173.6759544,204.694806
261,2213.461415,200,235.2973219
262,2209.372352,193.3263529,227.5424786
263,2205.272514,186.7065897,219.8437082
264,2201.162099,180.1421671,212.2025682
265,2197.041309,173.6346181,204.6206864
266,2192.991926,200,235.0298087
267,2188.931762,193.3158193,227.2684944
268,2184.861159,186.685609,219.5633651
269,2180.780329,180.1108314,211.9159857
270,2176.68949,173.593026,204.3279913
271,2172.692031,200,234.5446958
272,2168.684732,193.3052663,226.7784986
273,2164.667986,186.6646023,219.0686514
274,2160.642056,180.0794763,211.4167286
275,2156.607218,173.5514344,203.8243756
276,2152.684221,200,233.8507967
277,2148.752933,193.2947593,226.081302
278,2144.813835,186.6437,218.3683735
279,2140.867276,180.0482967,210.7135978
280,2136.913627,173.5101021,203.118633
281,2133.086752,200,232.9580674
282,2129.253733,193.2843643,225.1868532
283,2125.415167,186.6230333,217.4724711
284,2121.57153,180.0174883,209.8165222
285,2117.723323,173.4692892,202.2206802
286,2114.013276,200,231.8775851
287,2110.29981,193.2741471,224.1062166
288,2106.583676,186.6027336,216.3919942
289,2102.865506,179.9872474,208.7365359
290,2099.145972,173.4292557,201.1415331
291,2095.57242,200,230.6215172
292,2091.998735,193.2641735,222.8515407
293,2088.425854,186.5829316,215.1390705
294,2084.854601,179.9577689,207.4857436
295,2081.285859,173.3902602,199.8932718
296,2077.867333,200,229.2030774
297,2074.452504,193.2545086,221.4360136
298,2071.042523,186.5637565,213.7268601
299,2067.638444,179.9292455,206.0772753
300,2064.241393,173.3525578,198.4889936
301,2060.995196,200,227.6364693
302,2057.757043,193.2452161,219.8738049
303,2054.528334,186.545335,212.1694967
304,2051.310382,179.9018657,204.5252263
305,2048.104596,173.316398,196.9427528
306,2045.046694,200,225.9368141
307,2042.00168,193.2363579,218.1799941
308,2038.971226,186.52779,210.4820148
309,2035.95694,179.8758122,202.8445833
310,2032.960548,173.2820222,195.2694854
311,2030.105472,200,224.1200635
312,2027.268588,193.2279933,216.370481
313,2024.451874,186.5112389,208.6802598
314,2021.657262,179.8512598,201.051134
315,2018.886829,173.249661,193.4849183
316,2016.24756,200,222.2028951
317,2013.632218,193.2201786,214.4618821
318,2011.043114,186.495793,206.7807833
319,2008.482533,179.828373,199.1613617
320,2005.952932,173.2195313,191.6054624
321,2003.540801,200,220.202592
322,2001.158724,193.2129659,212.4714083
323,1998.809371,186.481555,204.8007206
324,1996.495406,179.8073041,197.1923219
325,1994.219699,173.1918333,189.6480897
326,1992.044282,200,218.136905
327,1989.905397,193.2064025,210.4167279
328,1987.806095,186.4686182,202.7576529
329,1985.749444,179.7881908,195.1615047
330,1983.738755,173.1667472,187.6301942
331,1981.807778,200,216.0239007
332,1979.920116,193.2005301,208.3158135
333,1978.079219,186.4570646,200.6694545
334,1976.288585,179.7711535,193.0866811
335,1974.551988,173.1444307,185.5694391
336,1972.871242,200,213.8817946
337,1971.240847,193.1953843,206.1867758
338,1969.66467,186.4469635,198.5541265
339,1968.146657,179.7562938,190.9857379
340,1966.691068,173.1250157,183.483591
341,1965.264337,200,211.7287736
342,1963.895189,193.1909935,204.0476864
343,1962.587926,186.4383703,196.4296203
344,1961.346955,179.7436921,188.8765001
345,1960.177042,173.1086058,181.3903434
346,1959.006046,200,209.5828098
347,1957.900004,193.1873789,201.9163925
348,1956.863663,186.4313251,194.3136521
349,1955.901905,179.7334062,186.776548
350,1955.020015,173.0952745,179.3071343
351,1954.104373,200,207.4614698
352,1953.261135,193.1845532,199.8103267
353,1952.495496,186.4258523,192.2235152
354,1951.812824,179.7254696,184.703029
355,1951.218929,173.0850629,177.2509591
356,1950.556152,200,205.3817233
357,1949.973238,193.1825211,197.7463169
358,1949.475835,186.4219592,190.1758902
359,1949.069802,179.7198911,182.6724707
360,1948.761479,173.0779792,175.2381858
361,1948.346977,200,203.359755
362,1948.019742,193.1812787,195.740401
363,1947.785876,186.4196364,188.1866617
364,1947.651722,179.716654,180.7005982
365,1947.624154,173.0739981,173.2843736
366,1947.451281,200,201.4107864
367,1947.372957,193.1808136,193.8076489
368,1947.395729,186.4188577,186.2707427
369,1947.526424,179.7157166,178.8021615
370,1947.772438,173.0730605,171.4041031
371,1947.832563,200,199.5489091
372,1947.994328,193.181105,191.9619994
373,1948.264716,186.4195801,184.4419135
374,1948.651025,179.7170126,176.9907763
375,1949.161166,173.0750754,169.6108192
376,1949.443772,200,197.7869373
377,1949.834851,193.1821243,190.2161143
378,1950.341811,186.4217453,182.7126781
379,1950.972404,179.7204523,175.2787832
380,1951.735039,173.0799208,167.9166929
381,1952.227852,200,196.1362805
382,1952.835655,193.1838355,188.5812538
383,1953.566256,186.42528,181.0941423
384,1954.427844,179.7259246,173.6771285
385,1955.429305,173.0874464,166.3325055
386,1956.118453,200,194.6068415
387,1956.928728,193.1861958,187.0671768
388,1957.868319,186.4300979,179.5959168
389,1958.945825,179.7332987,172.1952695
390,1960.170582,173.0974765,164.8675558
391,1961.040777,200,193.2069415
392,1962.037803,193.1891565,185.6820685
393,1963.170204,186.4361013,178.2260464
394,1964.446961,179.7424272,170.8411069
395,1965.877828,173.1098131,163.529596
396,1966.912565,200,191.943273
397,1968.079361,193.1926641,184.4324954
398,1969.387079,186.4431826,176.9909686
399,1970.845053,179.7531484,169.6209453
400,1972.463419,173.1242401,162.3247938
401,1973.645201,200,190.8208824
402,1974.963748,193.1966612,183.3233898
403,1976.428214,186.4512269,175.895499
404,1978.048247,179.7652896,168.5394806
405,1979.834328,173.1405272,161.2577228
406,1981.144895,200,189.8431802
407,1982.596382,193.2010872,182.3580619
408,1984.198196,186.4601134,174.9428452
409,1985.960263,179.7786701,167.5998162
410,1987.893368,173.1584337,160.3313797
411,1989.313935,200,189.0119779
412,1990.879002,193.2058801,181.5382376
413,1992.598191,186.4697182,174.1346466
414,1994.481666,179.7931042,166.8035034
415,1996.540471,173.177713,159.5472263
416,1998.051969,200,188.3275495
417,1999.710955,193.2109768,180.8641212
418,2001.52723,186.4799156,173.4710372
419,2003.511152,179.8084046,166.1506055
420,2005.67398,173.1981164,158.9052548
421,2007.25729,200,187.788714
422,2008.990477,193.2163143,180.3344781
423,2010.883482,186.4905806,172.9507291
424,2012.946817,179.8243847,165.6397816
425,2015.191911,173.2193966,158.4040716
426,2016.828087,200,187.3929359
427,2018.615933,193.2218308,179.9467355
428,2020.565491,186.5015902,172.5711131
429,2022.687386,179.8408615,165.2683871
430,2024.993168,173.2413116,158.0409977
431,2026.663651,200,187.1364395
432,2028.48701,193.2274662,179.6970962
433,2030.473349,186.5128254,172.3283723
434,2032.633365,179.8576578,165.032587
435,2034.978688,173.2636271,157.8121817
436,2036.665497,200,187.0143337
437,2038.505817,193.2331629,179.5806632
438,2040.509779,186.5241719,172.2176055
439,2042.688112,179.8746041,164.9274782
440,2045.052479,173.2861197,157.7127211
441,2046.738385,200,187.0207433
442,2048.57789,193.2388664,179.5915691
443,2050.581117,186.5355221,172.2329561
444,2052.758788,179.8915406,164.9472177
445,2055.122559,173.3085784,157.7367895
446,2056.791234,200,187.1489428
447,2058.613079,193.2445258,179.7231097
448,2060.598174,186.5467752,172.3677441
449,2062.757198,179.9083178,165.0851529
450,2065.101765,173.3308065,157.8777649
451,2066.73791,200,187.3914907
452,2068.52631,193.250094,179.9678766
453,2070.476973,186.557838,172.6145974
454,2072.600503,179.9247982,165.3339514
455,2074.908432,173.3526232,158.1283586
456,2076.497877,200,187.7403611
457,2078.238216,193.255528,180.3178868
458,2080.139354,186.5686259,172.9655797
459,2082.211792,179.9408564,165.6857276
460,2084.466944,173.3738637,158.4807394
461,2085.996729,200,188.1870693
462,2087.675637,193.2607889,180.7647078
463,2089.513449,186.5790626,173.4123141
464,2091.520533,179.9563796,166.1321641
465,2093.708158,173.3943803,158.9266537
466,2095.166585,200,188.7227919
467,2096.771999,193.2658425,181.2995751
468,2098.534033,186.5890802,173.9460992
469,2100.462899,179.9712681,166.6646265
470,2102.569694,173.4140423,159.4575385
471,2103.946364,200,189.3384779
472,2105.46756,193.2706584,181.9135026
473,2107.142752,186.5986197,174.5580175
474,2108.981971,179.9854347,167.2742701
475,2110.996122,173.4327355,160.0646261
476,2112.281945,200,190.0249513
477,2113.709557,193.2752109,182.5973837
478,2115.288242,186.60763,175.2390355
479,2117.027836,179.9988046,167.9521383
480,2118.939031,173.4503626,160.7390412
481,2120.126231,200,190.7730043
482,2121.452242,193.279478,183.3420828
483,2122.926154,186.6160685,175.9800934
484,2124.557591,180.0113151,168.6892514
485,2126.357015,173.4668419,161.4718881
486,2127.439104,200,191.5734811
487,2128.656832,193.2834417,184.1385182
488,2130.019081,186.6239,176.7721875
489,2131.535254,180.022915,169.476687
490,2133.21557,173.4821071,162.2543298
491,2134.187319,200,192.417352
492,2135.291382,193.2870879,184.9777353
493,2136.536422,186.6310971,177.6064414
494,2137.931611,180.0335642,170.3056508
495,2139.486918,173.496106,163.077658
496,2140.344319,200,193.295779
497,2141.330589,193.2904058,185.8509709
498,2142.454171,186.6376389,178.47417
499,2143.724,180.0432327,171.1675392
500,2145.149783,173.5088004,163.933354
501,2145.889993,200,194.200172
502,2146.755547,193.2933879,186.7497089
503,2147.754663,186.6435111,179.3669344
504,2148.896037,180.0519,172.0539935
505,2150.189112,173.5201645,164.8131427
506,2150.810396,200,195.1222378
507,2151.553454,193.2960299,187.6657288
508,2152.426277,186.6487056,180.2765892
509,2153.437318,180.0595547,172.9569465
510,2154.595757,173.5301841,165.7090383
511,2155.097427,200,196.0540215
512,2155.717285,193.2983301,188.5911458
513,2156.463099,186.6532197,181.1953227
514,2157.343078,180.0661936,173.8686622
515,2158.366139,173.538856,166.6133834
516,2158.748486,200,196.9879408
517,2159.245451,193.3002895,189.5184457
518,2159.864578,186.6570557,182.1156909
519,2160.613839,180.0718211,174.7817694
520,2161.501887,173.546187,167.5188821
521,2161.766111,200,197.9168148
522,2162.141425,193.3019114,190.4405126
523,2162.635154,186.6602208,183.0306452
524,2163.255034,180.0764483,175.6892889
525,2164.009463,173.5521929,168.4186268
526,2164.157603,200,198.8338871
527,2164.413372,193.3032015,191.3506521
528,2164.78388,186.6627264,183.9335549
529,2165.276635,180.0800928,176.5846558
530,2165.899785,173.5568976,169.306121
531,2165.934649,200,199.7328441
532,2166.073769,193.304167,192.2426094
533,2166.324049,186.6645875,184.8182256
534,2166.692772,180.0827777,177.461738
535,2167.187846,173.5603327,170.1752964
536,2167.11294,200,200.6078296
537,2167.139026,193.3048172,193.1105832
538,2167.272808,186.6658228,185.678913
539,2167.521354,180.0845314,178.3148494
540,2167.892339,173.5625363,171.0205268
541,2167.711799,200,201.4534546
542,2167.629111,193.305163,193.9492365
543,2167.650789,186.6664541,186.5103329
544,2167.783697,180.0853868,179.1387604
545,2168.035285,173.5635528,171.8366385
546,2167.753806,200,202.2648047
547,2167.567181,193.3052164,194.7537031
548,2167.481742,186.666506,187.3076685
549,2167.50416,180.0853809,179.9287047
550,2167.641672,173.5634318,172.6189172
551,2167.264443,200,203.0374444
552,2166.979225,193.304991,195.5195922
553,2166.792179,186.6660055,188.0665748
554,2166.709791,180.0845545,180.6803838
555,2166.739098,173.5622278,173.3631121
556,2166.271739,200,203.7674187
557,2165.893714,193.3045014,196.2429899
558,2165.611024,186.6649817,188.7831797
559,2165.429981,180.0829514,181.3899688
560,2165.357436,173.5599995,174.0654377
561,2164.805935,200,204.4512521
562,2164.341268,193.303763,196.9204585
563,2163.969284,186.6634658,189.4540842
564,2163.696136,180.0806184,182.0540993
565,2163.5285,173.556809,174.7225737
566,2162.899155,200,205.0859464
567,2162.354325,193.3027923,197.5490342
568,2161.899724,186.6614906,190.0763589
569,2161.541355,180.0776045,182.6698816
570,2161.285734,173.5527221,175.3316622
571,2160.585092,200,205.6689756
572,2159.966838,193.3016064,198.1262218
573,2159.43656,186.6590903,190.6475403
574,2159.000126,180.0739611,183.2348838
575,2158.663904,173.5478069,175.8903033
576,2157.898709,200,206.1982799
577,2157.21397,193.3002229,198.6499892
578,2156.615162,186.6563001,191.1656239
579,2156.10803,180.069741,183.7471296
580,2155.698808,173.5421338,176.3965492
581,2154.875947,200,206.6722572
582,2154.131811,193.2986602,199.1187587
583,2153.47177,186.6531565,191.6290569
584,2152.901462,180.0649986,184.2050908
585,2152.426999,173.5357751,176.8488967
586,2151.553454,200,207.0897541
587,2150.757102,193.2969366,199.5313982
588,2150.043224,186.6496964,192.0367283
589,2149.417361,180.0597893,184.6076778
590,2148.885521,173.5288044,177.2462774
591,2147.968317,200,207.4500543
592,2147.126976,193.2950712,199.8872097
593,2146.366703,186.6459574,192.3879581
594,2145.692955,180.0541693,184.9542288
595,2145.111649,173.5212962,177.5880475
596,2144.15781,200,207.7528665
597,2143.278708,193.2930829,200.1859169
598,2142.479481,186.6419775,192.6824852
599,2141.765515,180.048195,185.2444972
600,2141.142653,173.5133258,177.873975
601,2140.159159,200,207.99831
602,2139.249474,193.2909908,200.4276513
603,2138.418686,186.6377945,192.920453
604,2137.672122,180.0419233,185.4786383
605,2137.015561,173.5049685,178.1042265
606,2136.009304,200,208.1868996
607,2135.076129,193.288814,200.612937
608,2134.221081,186.6334465,193.1023945
609,2133.449443,180.0354108,185.6571937
610,2132.766945,173.4962991,178.2793519
611,2131.744692,200,208.3195284
612,2130.794987,193.2865713,200.7426737
613,2129.922848,186.6289711,193.2292156
614,2129.133522,180.0287135,185.7810746
615,2128.432707,173.4873922,178.4002675
616,2127.401059,200,208.3974499
617,2126.441619,193.2842815,200.8181186
618,2125.559382,186.6244054,193.3021765
619,2124.759579,180.021887,185.8515443
620,2124.047883,173.4783212,178.4682386
621,2123.013243,200,208.4222582
622,2122.050654,193.281963,200.8408667
623,2121.165105,186.6197859,193.3228728
624,2120.361817,180.0149856,185.8701979
625,2119.646455,173.4691581,178.4848594
626,2118.614993,200,208.3958669
627,2117.655604,193.2796336,200.8128301
628,2116.773282,186.6151484,193.2932141
629,2115.97325,180.0080623,185.8389421
630,2115.261176,173.459973,178.4520332
631,2114.238795,200,208.3204866
632,2113.288684,193.2773109,200.7362151
633,2112.415849,186.6105273,193.215402
634,2111.625526,180.0011686,185.7599728
635,2110.9234,173.450834,178.3719491
636,2109.915713,200,208.1986015
637,2108.980656,193.2750117,200.6134992
638,2108.123259,186.6059561,193.0919065
639,2107.348781,179.9943541,185.6357517
640,2106.662935,173.4418067,178.2470598
641,2105.675233,200,208.0329442
642,2104.760678,193.272752,200.4474061
643,2103.924331,186.6014666,192.9254412
644,2103.171488,179.9876663,185.4689817
645,2102.507895,173.4329536,178.0800563
646,2101.545126,200,207.8264698
647,2100.656166,193.2705471,200.2408793
648,2099.846119,186.5970891,192.7189375
649,2099.120324,179.9811501,185.2625807
650,2098.484576,173.4243341,177.8738424
651,2097.551318,200,207.5823288
652,2096.692672,193.2684115,199.9970557
653,2095.913787,186.5928523,192.4755176
654,2095.220057,179.9748479,185.0196556
655,2094.617334,173.4160042,177.6315083
656,2093.717782,200,207.303839
657,2092.893769,193.2663587,199.7192375
658,2092.150502,186.5887828,192.198467
659,2091.493434,179.9687992,184.743474
660,2090.928484,173.4080156,177.3563027
661,2090.066429,200,206.9944567
662,2089.280957,193.2644012,199.4108632
663,2088.577338,186.5849051,191.8912055
664,2087.961092,179.9630404,184.4374359
665,2087.438212,173.4004163,177.0516047
666,2086.61703,200,206.6577477
667,2085.873578,193.2625501,199.075479
668,2085.213195,186.5812415,191.5572588
669,2084.641478,179.9576043,184.1050454
670,2084.1645,173.3932495,176.7208955
671,2083.387138,200,206.2973573
672,2082.688745,193.2608158,198.7167091
673,2082.074736,186.5778121,191.2002287
674,2081.550789,179.9525207,183.7498806
675,2081.123065,173.386554,176.3677286
676,2080.392035,200,205.9169804
677,2079.741293,193.2592071,198.3382258
678,2079.176336,186.5746345,190.8237636
679,2078.702926,179.9478153,183.3755652
680,2078.327318,173.3803636,175.9957015
681,2077.644692,200,205.5203324
682,2077.043742,193.2577318,197.9437202
683,2076.530048,186.5717237,190.4315295
684,2076.109461,179.9435103,182.9857386
685,2075.788337,173.3747072,175.6084259
686,2075.155745,200,205.1111189
687,2074.606272,193.2563963,197.5368728
688,2074.145583,186.5690923,190.0271806
689,2073.779625,179.939624,182.5840276
690,2073.514856,173.3696084,175.2094998
691,2072.933488,200,204.6930076
692,2072.436723,193.2552057,197.1213251
693,2072.030316,186.5667501,189.6143311
694,2071.720311,179.9361707,182.174018
695,2071.513271,173.3650859,174.8024794
696,2070.983881,200,204.2696001
697,2070.540608,193.2541636,196.7006518
698,2070.189298,186.5647044,189.1965276
699,2069.936094,179.9331609,181.7592272
700,2069.787665,173.3611528,174.3908517
701,2069.31058,200,203.844405
702,2068.921143,193.2532727,196.2783342
703,2068.625291,186.5629598,188.777223
704,2068.429268,179.9306011,181.3430783
705,2068.339851,173.3578175,173.9780091
706,2067.914981,200,203.4208125
707,2067.579293,193.252534,195.8577347
708,2067.338819,186.5615184,188.359751
709,2067.1999,179.928494,180.9288755
710,2067.169424,173.3550828,173.5672246
711,2066.796277,200,203.0020707
712,2066.513839,193.2519474,195.4420738
713,2066.328233,186.5603796,187.9473033
714,2066.245902,179.9268384,180.5197804
715,2066.273841,173.3529468,173.161629
716,2065.951539,200,202.5912636
717,2065.721453,193.2515115,195.0344077
718,2065.589799,186.5595405,187.5429078
719,2065.563115,179.9256296,180.1187914
720,2065.648506,173.3514027,172.76419
721,2065.375805,200,202.1912908
722,2065.196799,193.2512238,194.6376092
723,2065.117789,186.5589958,187.1494089
724,2065.145412,179.9248592,179.728724
725,2065.286877,173.350439,172.3776931
726,2065.062192,200,201.8048504
727,2064.932637,193.2510806,194.2543497
728,2064.904601,186.5587378,186.7694508
729,2064.984813,179.9245158,179.3521942
730,2065.180584,173.3500399,172.0047251
731,2065.002011,200,201.4344232
732,2064.919951,193.2510771,193.8870843
733,2064.940878,186.5587571,186.4054622
734,2065.071611,179.9245845,178.9916033
735,2065.31956,173.3501854,171.6476592
736,2065.184902,200,201.0822598
737,2065.148081,193.2512076,193.5380393
738,2065.215651,186.5590419,186.0596441
739,2065.394516,179.9250478,178.6491262
740,2065.69218,173.350852,171.3086435
741,2065.598978,200,200.7503708
742,2065.60487,193.2514655,193.2092016
743,2065.716481,186.5595789,185.7339594
744,2065.940799,179.9258856,178.3267014
745,2066.285417,173.3520125,170.989591
746,2066.230981,200,200.4405186
747,2066.276816,193.2518434,192.902312
748,2066.429619,186.5603532,185.4301264
749,2066.696455,179.9270753,178.0260239
750,2067.084999,173.3536367,170.6921731
751,2067.066435,200,200.1542126
752,2067.149237,193.2523331,192.6188593
753,2067.340168,186.5613486,185.1496132
754,2067.646363,179.9285925,177.7485407
755,2068.075576,173.355692,170.417815
756,2068.089819,200,199.8927067
757,2068.206436,193.2529258,192.360079
758,2068.432249,186.5625475,184.8936361
759,2068.774457,179.9304109,177.4954485
760,2069.240885,173.3581433,170.1676937
761,2069.284737,200,199.6569992
762,2069.431875,193.2536125,192.1269524
763,2069.689176,186.5639315,184.6631596
764,2070.063898,179.9325029,177.2676945
765,2070.563931,173.3609538,169.9427383
766,2070.634085,200,199.4478351
767,2070.808341,193.2543835,191.9202099
768,2071.093624,186.5654815,184.4588987
769,2071.497245,179.9348397,177.0659784
770,2072.027151,173.3640851,169.7436333
771,2072.120227,200,199.2657113
772,2072.318123,193.2552289,191.7403351
773,2072.627804,186.5671777,184.2813242
774,2073.056627,179.9373918,176.8907578
775,2073.612589,173.3674982,169.570823
776,2073.725169,200,199.1108827
777,2073.943183,193.2561386,191.5875724
778,2074.273632,186.5689999,184.1306694
779,2074.723914,179.9401292,176.742255
780,2075.302066,173.371153,169.4245185
781,2075.430718,200,198.9833716
782,2075.665317,193.2571025,191.461935
783,2076.012894,186.5709281,184.0069388
784,2076.480877,179.9430218,176.6204658
785,2077.07734,173.3750096,169.304707
786,2077.218652,200,198.8829778
787,2077.466323,193.2581104,191.3632159
788,2077.827404,186.5729421,183.9099186
789,2078.30935,179.9460394,176.5251699
790,2078.920264,173.379028,169.2111617
791,2079.070872,200,198.8092906
792,2079.328147,193.2591523,191.2909997
793,2079.69916,186.5750217,183.839189
794,2080.191382,179.9491522,176.4559428
795,2080.812938,173.3831688,169.143454
796,2080.969548,200,198.7617027
797,2081.233037,193.2602184,191.2446761
798,2081.610484,186.5771476,183.7941369
799,2082.109375,179.9523311,176.4121694
800,2082.737846,173.3873934,169.1009666
801,2082.897264,200,198.7394242
802,2083.163674,193.2612989,191.2234543
803,2083.544162,186.5793005,183.7739707
804,2084.046219,179.9555478,176.3930576
805,2084.677987,173.3916644,169.0829075
806,2084.837137,200,198.741498
807,2085.103301,193.2623848,191.226378
808,2085.483563,186.5814623,183.7777356
809,2085.985414,179.9587749,176.3976541
810,2086.616996,173.3959456,169.0883255
811,2086.772943,200,198.7668162
812,2087.035837,193.263467,191.2523418
813,2087.412755,186.5836153,183.8043289
814,2087.911181,179.9619864,176.4248598
815,2088.539252,173.4002027,169.1161252
816,2088.689218,200,198.8141363
817,2088.945979,193.2645373,191.3001073
818,2089.316602,186.5857428,183.8525169
819,2089.808557,179.9651575,176.4734459
820,2090.42997,173.404403,169.1650836
821,2090.571352,200,198.8820982
822,2090.819298,193.2655876,191.3683201
823,2091.180858,186.5878293,183.9209513
824,2091.663487,179.9682651,176.5420709
825,2092.275291,173.408516,169.2338661
826,2092.405672,200,198.9692413
827,2092.642312,193.2666107,191.4555264
828,2092.992241,186.5898601,184.0081857
829,2093.462892,179.9712876,176.6292962
830,2094.062347,173.4125133,169.321043
831,2094.179508,200,199.0740208
832,2094.402556,193.2675998,191.5601896
833,2094.738496,186.5918219,184.1126923
834,2095.194734,179.9742051,176.7336035
835,2095.779325,173.4163688,169.4251057
836,2095.881253,200,199.1948249
837,2096.088635,193.2685485,191.6807072
838,2096.408445,186.5937024,184.2328782
839,2096.848063,179.9769996,176.8534101
840,2097.415508,173.4200588,169.5444828
841,2097.500404,200,199.3299908
842,2097.690264,193.2694515,191.8154263
843,2097.992033,186.5954907,184.3671015
844,2098.413055,179.9796549,176.9870857
845,2098.961313,173.423562,169.6775556
846,2099.027595,200,199.4778203
847,2099.198304,193.2703036,191.96266
848,2099.480349,186.597177,184.5136867
849,2099.881037,179.9821566,177.1329666
850,2100.408313,173.4268596,169.8226736
851,2100.454618,200,199.6365955
852,2100.604771,193.2711007,192.1207017
853,2100.865642,186.5987528,184.6709394
854,2101.244501,179.9844924,177.2893716
855,2101.749249,173.4299355,169.9781687
856,2101.774435,200,199.8045926
857,2101.902852,193.271839,192.28784
858,2102.141335,186.6002111,184.8371609
859,2102.497109,179.9866516,177.4546151
860,2102.978031,173.4327759,170.1423696
861,2102.981172,200,199.9800962
862,2103.086901,193.2725156,192.4623719
863,2103.302011,186.6015459,185.0106613
864,2103.633684,179.9886256,177.627021
865,2104.089728,173.4353696,170.3136145
866,2104.070116,200,200.1614119
867,2104.152425,193.2731279,192.6426158
868,2104.343405,186.6027524,185.1897725
869,2104.650195,179.9904076,177.8049351
870,2105.080555,173.4377077,170.4902636
871,2105.037689,200,200.3468784
872,2105.096062,193.2736742,192.8269235
873,2105.26238,186.6038272,185.3728597
874,2105.543737,179.9919926,177.9867367
875,2105.947842,173.4397838,170.6707109
876,2105.881427,200,200.5348788
877,2105.915557,193.2741533,193.013691
878,2106.056897,186.604768,185.5583324
879,2106.312493,179.9933772,178.1708493
880,2106.690005,173.4415938,170.8533946
881,2106.599941,200,200.7238503
882,2106.609725,193.2745645,193.2013685
883,2106.725978,186.6055736,185.7446543
884,2106.9557,179.9945599,178.3557507
885,2107.306501,173.4431357,171.036807
886,2107.192877,200,200.9122941
887,2107.178404,193.2749077,193.38847
888,2107.269662,186.6062439,185.9303526
889,2107.473603,179.9955407,178.5399818
890,2107.797788,173.4444099,171.2195031
891,2107.660868,200,201.0987832
892,2107.622412,193.2751833,193.5735809
893,2107.688954,186.6067799,186.1140258
894,2107.867402,179.9963211,178.7221544
895,2108.165267,173.4454185,171.4001089
896,2108.005486,200,201.2819698
897,2107.943491,193.2753923,193.7553658
898,2107.985775,186.6071833,186.2943509
899,2108.139201,179.9969041,178.9009586
900,2108.41123,173.4461657,171.5773279
901,2108.229178,200,201.4605917
902,2108.14425,193.2755361,193.9325743
903,2108.162899,186.6074571,186.4700899
904,2108.291944,179.997294,179.075169
905,2108.538801,173.4466574,171.7499474
906,2108.335211,200,201.633478
907,2108.228104,193.2756163,194.1040467
908,2108.223895,186.6076049,186.6400947
909,2108.32936,179.9974964,179.2436495
910,2108.551869,173.4469011,171.916844
911,2108.327606,200,201.7995531
912,2108.199212,193.2756352,194.2687183
913,2108.173061,186.6076311,186.8033116
914,2108.25589,179.9975179,179.405358
915,2108.455024,173.4469059,172.0769872
916,2108.211075,200,201.9578407
917,2108.062405,193.2755954,194.4256229
918,2108.015355,186.6075409,186.9587851
919,2108.076624,179.9973665,179.5593495
920,2108.253493,173.4466822,172.2294432
921,2107.990948,200,202.1074664
922,2107.823126,193.2754997,194.5738959
923,2107.756334,186.6073399,187.1056601
924,2107.797233,179.9970507,179.7047792
925,2107.953067,173.4462418,172.3733775
926,2107.67311,200,202.2476594
927,2107.487355,193.2753512,194.7127753
928,2107.402075,186.6070347,187.2431842
929,2107.423898,179.9965801,179.8409038
930,2107.560031,173.4455973,172.5080563
931,2107.263927,200,202.3777542
932,2107.06154,193.2751535,194.8416038
933,2106.959113,186.6066319,187.3707081
934,2106.963242,179.9959651,179.9670827
935,2107.081099,173.4447625,172.6328479
936,2106.770181,200,202.4971899
937,2106.552532,193.2749101,194.9598281
938,2106.434369,186.606139,187.4876863
939,2106.422259,179.9952164,180.0827784
940,2106.523342,173.443752,172.7472225
941,2106.198995,200,202.6055106
942,2105.967511,193.2746248,195.0669991
943,2105.835081,186.6055634,187.5936766
944,2105.808246,179.9943456,180.1875553
945,2105.894118,173.4425809,172.8507519
946,2105.55777,200,202.702364
947,2105.31392,193.2743016,195.1627704
948,2105.168736,186.6049131,187.6883385
949,2105.128736,179.9933644,180.2810793
950,2105.201007,173.4412651,172.9431079
951,2104.854115,200,202.7874992
952,2104.599397,193.2739445,195.2468963
953,2104.443003,186.6041963,187.7714318
954,2104.391431,179.9922851,180.3631155
955,2104.451743,173.4398207,173.0240612
956,2104.09578,200,202.8607645
957,2103.831711,193.2735578,195.3192298
958,2103.66567,186.6034211,187.8428139
959,2103.604136,179.9911199,180.4335257
960,2103.654152,173.4382641,173.093478
961,2103.290596,200,202.9221046
962,2103.018698,193.2731456,195.3797191
963,2102.844578,186.6025961,187.9024367
964,2102.774699,179.9898815,180.4922656
965,2102.816088,173.436612,173.1513177
966,2102.446412,200,202.9715564
967,2102.168202,193.2727121,195.4284041
968,2101.987564,186.6017294,187.9503432
969,2101.91095,179.9885822,180.5393809
970,2101.945374,173.4348808,173.1976288
971,2101.571035,200,203.0092452
972,2101.288011,193.2722615,195.4654125
973,2101.1024,186.6008296,187.9866629
974,2101.020644,179.9872346,180.5750034
975,2101.049748,173.4330871,173.2325452
976,2100.672174,200,203.0353803
977,2100.385808,193.271798,195.4909549
978,2100.19674,186.5999047,188.011608
979,2100.111407,179.9858508,180.5993465
980,2100.136804,173.4312472,173.2562812
981,2099.757389,200,203.0502496
982,2099.469115,193.2713256,195.5053201
983,2099.278069,186.598963,188.0254679
984,2099.190683,179.9844431,180.6127
985,2099.213947,173.429377,173.2691272
986,2098.83404,200,203.0542145
987,2098.545246,193.2708483,195.5088694
988,2098.353653,186.5980122,188.0286039
989,2098.265688,179.983023,180.6154251
990,2098.288343,173.427492,173.2714441
991,2097.909239,200,203.047704
992,2097.62126,193.27037,195.5020314
993,2097.430493,186.5970601,188.0214438
994,2097.343369,179.981602,180.6079488
995,2097.366879,173.4256072,173.2636578
996,2096.989812,200,203.0312091
997,2096.703919,193.2698942,195.4852958
998,2096.515289,186.5961139,188.004476
999,2096.430357,179.9801908,180.5907578
1000,2096.456117,173.423737,173.2462531