ticks, muscleMass, averageAnabolic, averageCatabolic 
1,922.5089409165236,59.06736227516025,57.77985096179628 
2,922.6615146590171,53.908010519624334,53.47887617870123 
3,921.9886213543547,51.13969419866853,52.47391182989443 
4,921.1606493606465,50.4993308257844,52.175437897930095 
5,920.2648497706988,50.22787625645277,52.050699846839926 
6,920.8908088201047,60.20273857144606,58.58571078925541 
7,921.3362871485228,55.12008023848437,54.03625978103873 
8,921.037199206614,51.72993385235363,52.29949480377214 
9,920.182223139789,50.37046448139365,52.103862248564425 
10,919.2753416541376,50.175388040159426,52.02108411578932 
11,919.7347444696065,58.177527389769715,57.01072874971636 
12,919.7946881013081,53.24737635452837,53.03801268007169 
13,919.0694788441846,50.79193645178264,52.246236509135 
14,918.2141707676273,50.321021845419914,52.05763708294448 
15,917.2940722475358,50.135339046257755,52.009036998206355 
16,917.7907900057573,58.67778142618008,57.41197557612049 
17,917.9687988748404,53.5584202873056,53.09966164744086 
18,917.2322464252245,50.79747413697355,52.273742406926985 
19,916.3610878186706,50.335574049504956,52.10221431055535 
20,915.4474289647007,50.16571171144694,52.03188360706525 
21,916.0150263052592,59.26783668584566,57.834453565533735 
22,916.3116468470807,54.12542504313663,53.403707586429604 
23,915.7000687352318,51.058500211607885,52.28382199727244 
24,914.855058408734,50.33572202481001,52.05804709627868 
25,913.9253597978809,50.11111602251811,52.01158478713408 
26,914.4334402718536,58.75950887963997,57.479743830081624 
27,914.6998204093098,53.7861677007733,53.148165646174434 
28,913.9560991785784,50.74442634885617,52.24568591627537 
29,913.07511423068,50.30163612913692,52.09547958528946 
30,912.1546319545831,50.15073329793221,52.030481361609255 
31,912.5533225872097,57.96671634874522,56.934165513407734 
32,912.5539225255878,53.212475602785226,53.131740460239314 
33,911.8388765621884,50.81299140553459,52.26115781648103 
34,910.9680754901502,50.286275183849405,52.0636981685503 
35,910.0394779720885,50.10104246746808,52.00065960385722 
36,910.623623650426,59.274061046183206,57.826248281638264 
37,910.9187399155161,53.92029416910032,53.22511086330876 
38,910.2068986759543,50.94059102518493,52.37073752478993 
39,909.3765714840906,50.41942874344394,52.111333305271735 
40,908.4712636100298,50.16736997925003,52.01875366227624 
41,909.0409403202628,59.30247385756413,57.85575399765825 
42,909.3236988503155,54.12580769927915,53.42348916613078 
43,908.6731929138091,51.15505915145884,52.44291026007688 
44,907.873966124628,50.51569278065075,52.138631434407976 
45,906.9928106019762,50.22633832595987,52.03197000220487 
46,907.4363715528152,57.878300776365165,56.75838064380844 
47,907.4015181007792,52.95596391199899,52.96115637563751 
48,906.6724681633642,50.751653349323675,52.23516254706511 
49,905.806721151605,50.291726465027565,52.06993418835686 
50,904.8916525637437,50.12467396778047,52.00929818190218 
51,905.3855709604944,58.61839189015151,57.37849629823172 
52,905.5965569295745,53.61318709402641,53.10480416327964 
53,904.8856091385147,50.69846563895427,52.15338375104858 
54,903.9773588182902,50.1752559727801,52.045246676038744 
55,903.0379266118476,50.07220790177473,52.00748461397858 
56,903.5631020890456,59.349691708606585,57.984656631494474 
57,903.7973739400276,54.228137335299785,53.622761878629056 
58,903.202199482382,51.284785868713044,52.46702121843266 
59,902.4017647793115,50.51110091204188,52.14913071357783 
60,901.5073861447638,50.205845008761784,52.046049558002544 
61,901.9917740780395,58.42730252573176,57.19777751702832 
62,902.0933122371339,53.42214479591265,53.12719054249904 
63,901.3996277687148,50.82274426449646,52.23567618936214 
64,900.531237437306,50.29964522803632,52.082786371050574 
65,899.6212766332272,50.147724125560416,52.021246998485715 
66,900.1654291324579,59.01843238475075,57.65784624195897 
67,900.4108043841119,53.863009982305584,53.272158587418204 
68,899.7916666533785,50.96671352298254,52.232025936003986 
69,898.9210004463129,50.2612090111451,52.058182706309374 
70,897.9911902159048,50.09483036259636,52.016556595350295 
71,898.373442580595,57.77106737767503,56.80303730302879 
72,898.3444809554364,53.03450425747467,53.04507452274665 
73,897.6324233530095,50.70922648320956,52.176733618247994 
74,896.7540825312992,50.21405828376497,52.03334170718415 
75,895.8192720694062,50.05944044333021,52.0 
76,896.3802707152322,59.10427850482387,57.72930818694759 
77,896.6335929505173,53.928625160850174,53.32996724405567 
78,895.9939557312169,50.97019191872079,52.28266700125488 
79,895.1394785326642,50.32022109606731,52.09012964472356 
80,894.2318186080448,50.1382063597956,52.02147905876861 
81,894.5769459723211,57.45376461375866,56.57350558715289 
82,894.5142093878447,52.8622969707974,52.945935795175615 
83,893.794361018635,50.69634980295495,52.18596296598403 
84,892.9068715193479,50.22394099624699,52.063907277659425 
85,891.9883322616761,50.10535361203366,52.01164564870159 
86,892.3824148942828,57.99944237103267,56.99400257084619 
87,892.4460669246515,53.278128849041785,53.09197432421335 
88,891.7201739505872,50.730091850662504,52.22909764354318 
89,890.8535222297255,50.26297364427012,52.060308819392645 
90,889.9346211283611,50.098627231262626,52.006097496900296 
91,890.5553473977876,59.78441136749442,58.2347209108743 
92,890.9771111812116,54.4629513483856,53.4967415153849 
93,890.3809507328403,50.97682853792168,52.20934855976623 
94,889.5072667830764,50.2571420874464,52.06735888382346 
95,888.5942022665583,50.11759155290677,52.011927409515785 
96,889.0367735631328,58.083367756146636,56.97586405990513 
97,889.0271029700882,53.209896026688384,53.16887942902814 
98,888.3753189734814,50.89543898337177,52.23607545156711 
99,887.5190035075983,50.27567011356775,52.04980447552828 
100,886.5968630807405,50.092759021157526,52.01287728654455 
101,886.9139345258978,57.26127089021838,56.43765420945585 
102,886.6900180927548,52.64950590585607,53.07105124222268 
103,885.9740533773534,50.89151985221141,52.368858544459954 
104,885.1439196451199,50.39312565402736,52.1197804209484 
105,884.2550157645171,50.169283696583484,52.02172371920582 
106,884.6973132404407,57.734535127513865,56.64774499548683 
107,884.581947042942,52.80097023131106,52.99495147984466 
108,883.8807810437495,50.78664681639717,52.23845659459936 
109,883.0387088708414,50.30212342329273,52.05801863202547 
110,882.142549734916,50.12649225303664,52.00155100954582 
111,882.5997537053142,58.368590802875495,57.21324052332682 
112,882.7218472819067,53.575980339179935,53.26103933005784 
113,882.0323487776052,50.92192010695277,52.34891175541276 
114,881.2062009186333,50.40326843582692,52.12665873370531 
115,880.3297965749018,50.187641713972674,52.0210860464403 
116,880.8495905166918,58.77092783949665,57.457833625180186 
117,881.0122893219661,53.72591135333328,53.30189354501342 
118,880.3613194633026,51.03815367093098,52.362046981716105 
119,879.5388125475497,50.413516507493725,52.120911236368094 
120,878.6558531839935,50.18176821064818,52.02747168677407 
121,879.0603831595095,57.87317710895522,56.85125312305932 
122,879.1222133104709,53.17995593993928,53.009588425250755 
123,878.3882112268199,50.70710207835452,52.23384199775459 
124,877.5330792271689,50.28404401844591,52.07015044770414 
125,876.6301904837205,50.115706997825214,52.00406300074866 
126,877.2324179756478,59.91654134348451,58.39509262879062 
127,877.6261294769095,54.80290502209214,53.88507950989066 
128,877.1644017862869,51.40196018758597,52.36168175150864 
129,876.3365896278856,50.407437468076985,52.13366675205184 
130,875.4518002887506,50.19116012882701,52.040482103500366 
131,875.897728650592,58.07188735307547,56.947824845242394 
132,875.8670834225958,53.22532535911435,53.2272978978593 
133,875.2169125644139,50.93424358151366,52.276761107949525 
134,874.3659782279707,50.32384597855341,52.092918748577276 
135,873.4533247301368,50.133185224837746,52.034718461362345 
136,873.8637696905498,58.121439805617875,57.08178675751352 
137,873.9629319632267,53.35667502313247,53.10076118874679 
138,873.2686421604303,50.73856643933073,52.182867861668626 
139,872.3974128367637,50.21646102005016,52.03163107243888 
140,871.4777530352367,50.076961380628234,52.0 
141,871.9455269852632,58.412879941306926,57.234056520269405 
142,871.9704732723515,53.47898314190086,53.35602258864968 
143,871.3917773010452,51.01889710979551,52.22712667338196 
144,870.5206655183412,50.25118368539361,52.07690654887987 
145,869.616091335065,50.112794709045325,52.01113326503282 
146,870.1379586025222,58.51693747546406,57.23139761691032 
147,870.2554801935942,53.34830299802509,53.04956755996981 
148,869.5051469221057,50.724697933343926,52.28273065082023 
149,868.6431389578621,50.304819071952984,52.108023866486064 
150,867.7408670164575,50.14452681511924,52.03671864241791 
151,868.2676101881616,59.081350924992904,57.740795626676785 
152,868.3707032775382,53.97416760509525,53.66439332622966 
153,867.8868872288664,51.33051067724396,52.32629999607296 
154,867.0317674170939,50.35207082555476,52.133944074554414 
155,866.13571388333,50.181597049945076,52.055414912349825 
156,866.5464828054444,57.78095920118398,56.75960818097524 
157,866.4632582964376,52.90778707077732,53.04155730774233 
158,865.7431565987823,50.86230282033772,52.35374660437827 
159,864.9194390483966,50.38392795689716,52.11131736580143 
160,864.0390305760916,50.16456370248017,52.02000324415353 
161,864.3769013280705,57.351424424094816,56.485638657018065 
162,864.289423509522,52.74214378572298,52.89350845779129 
163,863.5488674039375,50.66397161732711,52.210383747040225 
164,862.693098709885,50.23934396110966,52.03688184480493 
165,861.7803118679734,50.076653749093936,52.0 
166,862.076531132905,56.753733382007646,56.01832914385076 
167,861.7546077140524,52.204219731835295,52.853817070182174 
168,860.9944694888552,50.682632796339696,52.2744739866836 
169,860.1539544834754,50.29910716496516,52.069178920013066 
170,859.2528794775723,50.10462776351979,52.003472876877275 
171,859.6381911947663,57.98485408841469,57.01144184889863 
172,859.6528018707717,53.33913115062141,53.268121647305556 
173,858.9821228089596,50.8965025499802,52.30043262072512 
174,858.1290743186438,50.31884269207889,52.10813214920913 
175,857.2301005556558,50.140431282805615,52.03368771592704 
176,857.5667865377493,57.543442404854794,56.68072668511089 
177,857.5386970196982,53.009613293738575,53.035696308613446 
178,856.8176441229044,50.693723564761555,52.211721028007005 
179,855.9634794247082,50.2458296581942,52.04534016256664 
180,855.052083534571,50.08500745511374,52.00501491877877 
181,855.4145276932684,57.68485750494043,56.762155938843534 
182,855.3664062797354,52.89802416376394,52.960145344437166 
183,854.6216729615231,50.71889282617502,52.26964890125664 
184,853.7824733509356,50.31263297283894,52.079551046695656 
185,852.8960108978526,50.13022719644223,52.00565707632924 
186,853.2270449116517,57.49958396230492,56.66050431660671 
187,853.1626472958795,52.979697689514346,53.08747393114854 
188,852.4708060397552,50.794124309942276,52.25416469458638 
189,851.6275921729698,50.296502947172485,52.08017797716062 
190,850.7376412284923,50.12509883145375,52.00811923988779 
191,851.1505197265827,57.7316144998011,56.716043493847316 
192,851.0848905827402,52.86817361756776,52.98235367604838 
193,850.3603774612512,50.68714643378933,52.215790573325656 
194,849.5150629075473,50.259899749977514,52.04840014116868 
195,848.6131551633342,50.09386363097123,52.00151555503551 
196,848.9970704368747,57.70462785564055,56.738486496834305 
197,848.8989538538428,52.89995066591764,53.07504898972328 
198,848.2461389803015,50.80364145029117,52.19484422231237 
199,847.3841670523495,50.23203494724768,52.0611178833463 
200,846.4855173942881,50.099905412864764,52.00769112360488 
201,846.6651512403481,56.19212231119651,55.70199446320361 
202,846.3086413151718,51.95230651351222,52.6936981533651 
203,845.5134550558579,50.52965755097157,52.21269062863299 
204,844.6365334653945,50.230740768124505,52.08927442086378 
205,843.7416670462969,50.12083712133217,52.01999574998301 
206,844.0048678530569,56.893098328983854,56.206176585904885 
207,843.7602373563618,52.45431374175562,52.95330240668618 
208,843.0058132201062,50.75761358449624,52.34855039807126 
209,842.1835794144092,50.37160284680709,52.116664650369636 
210,841.312290516349,50.16766736206624,52.01862856487712 
211,841.6507696845097,57.2928586038521,56.442957037942 
212,841.6076764686255,52.83180518045054,52.904735438277726 
213,840.8488177158303,50.64427137793666,52.23614608600364 
214,840.0008777591522,50.282024732032895,52.07770124256344 
215,839.1141416409616,50.12895336396542,52.01139565843936 
216,839.4667635485947,57.44950915040034,56.560604801406875 
217,839.3403969017722,52.74746625235798,52.97992682390817 
218,838.6021125382067,50.79769966469861,52.33944542652806 
219,837.7842878448154,50.37958702345333,52.10709098481186 
220,836.9090035970114,50.16452307062305,52.02231161583952 
221,837.2236792954263,57.12424474939645,56.31949601071433 
222,837.0490696094463,52.64712864360572,52.98023539837639 
223,836.3251841642215,50.80574829816505,52.33441789390793 
224,835.4848863892182,50.36638743942099,52.152071216819465 
225,834.6074141730877,50.196710733452825,52.0643428889466 
226,835.0435141695211,58.52986276249273,57.41669432550651 
227,835.2200663226221,53.83682059483712,53.41435110083327 
228,834.6133700426661,50.98777828783383,52.27237722434674 
229,833.7727210688685,50.30003531282695,52.08325432329738 
230,832.8874125977069,50.13155836147926,52.01942662798329 
231,833.1377927735434,56.944519669668516,56.29555037471084 
232,833.0717805704945,52.81720242315685,52.9492900601387 
233,832.3834434046748,50.6600442265912,52.143197951915155 
234,831.5300184332348,50.19215195554306,52.0268282536419 
235,830.6306523612975,50.06613525898426,52.00332836712766 
236,830.8874605653915,56.70104900634923,56.04938259506385 
237,830.6196667469899,52.33229514427631,52.8957225288671 
238,829.8635643396913,50.66320303101535,52.2816365244626 
239,829.0287770132746,50.306335097830214,52.10743192822941 
240,828.1517048250837,50.152187001021105,52.04715548750787 
241,828.4777952433336,57.02098156476363,56.22567812879281 
242,828.3749730051708,52.510860698847814,52.74377328575095 
243,827.6080769556329,50.522883759848796,52.17522290462712 
244,826.7518728927932,50.2018867070239,52.05435918380985 
245,825.8608490605783,50.08664333945437,52.012974036491414 
246,826.2733174813961,57.9314005110976,56.90287984750993 
247,826.2105365854768,53.01816881538746,53.13795455844667 
248,825.5027817098588,50.81998192895588,52.33708995134353 
249,824.6849391364399,50.37395773497404,52.141840761536365 
250,823.8320672125541,50.19322837542468,52.0461477300034 
251,824.2084646426981,57.48676855738277,56.562344992332704 
252,824.1390846888768,52.82605616006335,52.97299712188026 
253,823.4442137106172,50.776648905630815,52.27393103750036 
254,822.6334133653901,50.335521208515644,52.092523364734326 
255,821.7862361945611,50.16177858070511,52.004704507907576 
256,822.2330565789472,58.1823462704618,57.080548473366086 
257,822.2977238761551,53.331370840433685,53.18162797228771 
258,821.6434245699884,50.92378169987195,52.332309947842184 
259,820.8550783155081,50.39129439845865,52.10579493632568 
260,820.009619298265,50.178568720072136,52.02177216853697 
261,820.5450301524759,58.83793707833687,57.51667929888965 
262,820.7024246683585,53.778557816579294,53.4268789093576 
263,820.1128462450392,51.090554952064565,52.37091010189796 
264,819.3465225295228,50.41827400581137,52.10108618595002 
265,818.5001798456976,50.167416951622684,52.02342425889777 
266,818.819304510251,56.875565675855476,56.123379710728074 
267,818.6849149005345,52.408283042592096,52.73142372479616 
268,817.9326740136628,50.5616284844743,52.204181659678454 
269,817.1018418080018,50.2406620716421,52.06338188271205 
270,816.2406491961921,50.10910260358275,52.00273780680819 
271,816.5030580578955,56.405559725309,55.789176166312224 
272,816.233113993696,52.12213243056192,52.72562388825875 
273,815.4828822265116,50.57018088646434,52.2099067018289 
274,814.6486556945104,50.23799073835633,52.07267805972361 
275,813.7810842265869,50.11271284000751,52.01888713823783 
276,813.9551683391081,55.969690689097035,55.54148281036597 
277,813.5691866287111,51.90952985235489,52.77232817023721 
278,812.8134317441653,50.608923487755554,52.27482546723057 
279,811.9923791489308,50.29986539863079,52.111171754569945 
280,811.1394552763439,50.15533978702458,52.037220674657846 
281,811.4230261723235,56.89481733946444,56.188073429842206 
282,811.2042412251033,52.47865311624625,52.97925464637981 
283,810.4923654125157,50.81746590910472,52.38169293150747 
284,809.7029049124266,50.42064164868798,52.164243415021865 
285,808.8669910992321,50.21566243082582,52.06126668591261 
286,809.317840722126,58.201876108720484,57.10840131786063 
287,809.4126867680994,53.389074140696664,53.200610891390944 
288,808.7549389003906,50.98285851685175,52.408620466008124 
289,807.9754715076523,50.45633021206729,52.16673198480787 
290,807.14618304712,50.22861244740817,52.05911040119934 
291,807.3857939508264,56.19515360368711,55.64436247687678 
292,807.070108866846,52.084387858486096,52.792924636481324 
293,806.3445407889743,50.63381161396724,52.22866538953465 
294,805.5185117828402,50.266025935094575,52.08094660322651 
295,804.6601322226555,50.12901195491671,52.02349449987448 
296,804.9061749990047,56.64356075221004,56.0422565289204 
297,804.687631857161,52.37320418750492,52.88106401856169 
298,803.9626378175085,50.71558922800842,52.32075176961566 
299,803.1594529512299,50.35242024938003,52.13161198769707 
300,802.3138532314241,50.180678344599954,52.05290593523668 
301,802.7351294010969,57.640614131558,56.64320555164902 
302,802.641855506674,52.788139267373,53.019154637448814 
303,802.0018328048716,50.76968395156552,52.2088016400632 
304,801.1834888487172,50.241391407008074,52.061040435874695 
305,800.3264708166319,50.10637972388716,52.01192901938201 
306,800.6854951893225,57.050648409601294,56.22373223438629 
307,800.5138238091125,52.334193356600174,52.7547807126857 
308,799.7881752013238,50.58207608447775,52.2002955012123 
309,798.9560432907025,50.21798407462883,52.06973934140894 
310,798.0930632442214,50.1059200203562,52.023543058042634 
311,798.2170354006057,55.805914902299406,55.53502287786975 
312,797.9199862511945,51.943392687679264,52.6666262583444 
313,797.1671454192168,50.50341622119581,52.19860043322041 
314,796.3417332949257,50.21538651453513,52.06715961196992 
315,795.4868881989286,50.099915290888944,52.01484635071006 
316,795.8518152947529,57.736242003093444,56.878353010654706 
317,795.9415909222745,53.24309864749975,53.120961362295226 
318,795.268851947922,50.70598883064058,52.22391668149401 
319,794.4517231031482,50.255941622167484,52.08603978345793 
320,793.6013930474079,50.12425115368707,52.02891349162479 
321,793.8238488790938,56.442885361742896,55.91500865871568 
322,793.6347723829898,52.35547545257954,52.83285160795739 
323,792.9142499931553,50.5508601682305,52.17734871574555 
324,792.0828459250839,50.18581586190543,52.047732055409 
325,791.2211706196797,50.07742613152345,52.00701647433636 
326,791.4551428617876,56.45397228106497,55.92152978377931 
327,791.2168506174623,52.21460286958079,52.798322087683 
328,790.4747650542599,50.54092222787132,52.2109890557563 
329,789.6589944550569,50.23371790651485,52.06629253574034 
330,788.8065675313887,50.10034473355788,52.01089734882078 
331,788.940641587341,55.44453295899091,55.15541177636547 
332,788.5105390439184,51.43911024319842,52.434227550934125 
333,787.6959755713069,50.292017564557746,52.11363924364778 
334,786.8473743014238,50.14672647957171,52.049676070682 
335,785.985590542928,50.07962515785156,52.01580421832593 
336,786.1007168161003,55.85217458955572,55.586954750323464 
337,785.8018932743925,52.18281406821465,52.89477883934746 
338,785.0872891681964,50.634327350061874,52.26233302741727 
339,784.2696957356061,50.27210904357898,52.12513745567778 
340,783.4313779578418,50.155429310772725,52.05538163746559 
341,783.6522221415784,56.107101784499804,55.59484091833821 
342,783.2664520506358,51.93004242336674,52.82743603260041 
343,782.559728490523,50.72776935827982,52.33583405333687 
344,781.7845840694562,50.37408866857173,52.13749606954642 
345,780.9665745910805,50.19464314039185,52.052368071291 
346,781.2150577524063,56.49605760172906,55.93424618428468 
347,780.9896733341184,52.38225767030241,52.93991381539877 
348,780.2836141405222,50.83404644191863,52.42589378490761 
349,779.5381883453425,50.473034679599124,52.17315260726874 
350,778.743270359145,50.23654108117954,52.0470551472252 
351,779.0153124261371,56.859459208656084,56.20357032574704 
352,778.8723135661093,52.660647243903526,53.02860548749936 
353,778.1813188949636,50.82465174214642,52.39011146878465 
354,777.4336220164646,50.458133379223966,52.17800604754667 
355,776.6449587273405,50.252492945072085,52.06906412051232 
356,776.7193493425016,55.19193696469656,55.05747642239496 
357,776.3054937970438,51.6997394938206,52.684100217089444 
358,775.5701283172167,50.605110604326356,52.28935253354556 
359,774.7827118726566,50.332485305627664,52.144726376256514 
360,773.9731208126901,50.19086296915264,52.05902588670892 
361,774.2022909966876,56.077927752116075,55.603143573478135 
362,773.8827271506303,52.05038219746387,52.84420027419321 
363,773.2029710875107,50.72410438081916,52.30225880404112 
364,772.4306141334454,50.3341416527686,52.12086306703621 
365,771.6235365998081,50.176071763242,52.04047314067683 
366,771.75425859604,55.38999245970569,55.13450221762555 
367,771.3613768908655,51.645745240395684,52.59276313833421 
368,770.6055899367562,50.44851707503802,52.18393489518782 
369,769.7958131685442,50.213347127538526,52.07487213203215 
370,768.9670798098032,50.1132419126701,52.029494520768935 
371,769.2653366313472,56.47141203583083,55.82577497022662 
372,768.9409859474542,52.1125587471989,52.909308631643064 
373,768.255723980374,50.73566393372804,52.32590607031046 
374,767.4843209325984,50.35063782674412,52.1396070915562 
375,766.6751656382348,50.181410109385055,52.055497204629525 
376,766.8718916753131,55.95929866425164,55.55551927829751 
377,766.5996799853367,52.0625860897777,52.76210328620684 
378,765.8880796017824,50.556567141615695,52.21075498562749 
379,765.1073062224552,50.23260608127091,52.04554852441376 
380,764.2741862933574,50.07484736019365,52.002512297631405 
381,764.4723505667185,56.04279198438495,55.63135485895342 
382,764.1389270095558,52.058419522728705,52.88908870118527 
383,763.4574703194197,50.73954000844055,52.33332137389541 
384,762.7101506725108,50.351727342421206,52.10401890595858 
385,761.904020418268,50.14379901274414,52.021818740484846 
386,762.1803446907147,56.72286151622549,56.10177245109724 
387,761.9928122109168,52.414151747702604,52.927920263231215 
388,761.3235514644547,50.72253210010363,52.286057247415876 
389,760.5475406983584,50.319910458876066,52.125099225159815 
390,759.7318039129215,50.164837396894235,52.05971065873831 
391,759.9470954547872,56.087341040056145,55.63275243174981 
392,759.7211602473496,52.07582076714119,52.700822136274795 
393,759.0029915126822,50.48662117061374,52.17215980064647 
394,758.2121756280361,50.20438909640661,52.04866752389419 
395,757.3848206405986,50.09018271765278,52.01193658068414 
396,757.5592587567073,55.89498209095637,55.53185930383088 
397,757.2444559063846,52.023079063550036,52.823170395866306 
398,756.5520518481985,50.67576854734487,52.302339283024246 
399,755.7892008974493,50.32942481770699,52.112814345278245 
400,754.9793516471303,50.152510517687745,52.03689284388487 
401,755.2016669203231,56.43206266494324,55.9459554292874 
402,754.952916756488,52.35676934216374,52.98993477873425 
403,754.2946790696066,50.7650206060888,52.311458743190165 
404,753.534331041569,50.354615257055116,52.14089971141427 
405,752.7460132867212,50.19081172871973,52.05095028538182 
406,752.8107959816726,55.01369751546049,54.941109360151465 
407,752.4012387169815,51.71918908121414,52.72391078642201 
408,751.6856164569006,50.63707697879878,52.311298263071166 
409,750.9240904209257,50.36250155105643,52.15794987270573 
410,750.139028530606,50.21356178639474,52.07140267813426 
411,750.4260427077757,56.23107517390636,55.650612449835364 
412,750.1300349022533,52.0563304125342,52.82124085684807 
413,749.4726922445057,50.69754081126073,52.2689120808488 
414,748.721984004081,50.32507368143805,52.10689693624546 
415,747.9471541256746,50.17173931511326,52.01929248813865 
416,748.1906688151518,56.201643232025624,55.726604936277525 
417,747.9893745298874,52.212411712854966,52.8029145256207 
418,747.3314822042064,50.68606337032437,52.26572775042547 
419,746.5779534442975,50.300138726593524,52.097209357990266 
420,745.7805104436649,50.14020838551945,52.04288649294178 
421,745.927883167827,55.413411990754135,55.136437417950866 
422,745.4817167960775,51.60963921557808,52.7232341992604 
423,744.782649189195,50.60109110016283,52.28352012696466 
424,744.0091842563796,50.303766071939584,52.15451484882097 
425,743.220193735176,50.18987633575289,52.0778953629519 
426,743.4099353664589,56.07618141521425,55.67208660024372 
427,743.1443319394606,52.06773819174786,52.788537668992994 
428,742.4472211277113,50.62735596569421,52.30845902126902 
429,741.6969708015608,50.33325775336691,52.13790163371604 
430,740.9155701843306,50.176589043183945,52.05086659651365 
431,741.0973542327433,55.89969970458954,55.52862319337247 
432,740.7423022920367,51.968304255917545,52.86829378406949 
433,740.1034786936918,50.75731107513008,52.3120454524856 
434,739.3730712355103,50.348183727918254,52.112459334279016 
435,738.6049521495586,50.16967715256806,52.02464309472808 
436,738.622851705671,54.58915060536027,54.66986501530923 
437,738.1267976866602,51.47217495568153,52.71337947444396 
438,737.4402319953433,50.67172451246663,52.33635700501704 
439,736.7059455531089,50.36928410953505,52.14658755539474 
440,735.9268738960535,50.189627760113055,52.06500106836985 
441,736.1277286448309,55.86617440220877,55.499467595918574 
442,735.8472898962631,51.94130982861783,52.7173893650657 
443,735.1485454341114,50.53108806610475,52.22193535770908 
444,734.4000214356532,50.24883949768285,52.064279577551 
445,733.6172921291139,50.1076574825575,52.01004533734718 
446,733.6189892716159,54.81049967451607,54.888223726958806 
447,733.1579496775673,51.5555298959607,52.719433797318416 
448,732.4910940765983,50.657867262283496,52.30407160809564 
449,731.769859773473,50.339054892369205,52.12145004601651 
450,731.0016481782889,50.16386428155839,52.0466735939896 
451,731.1098756096115,55.287846826703536,55.15106612468878 
452,730.7083693037725,51.88516648045363,52.91932654611494 
453,730.062471711401,50.73218349272008,52.339441895847095 
454,729.3418294568302,50.36762080718506,52.155784915182835 
455,728.5879183768704,50.20095649204515,52.066411513823034 
456,728.6210148560295,54.534705541265026,54.60690600178377 
457,728.1560724339299,51.258177718715025,52.49071109355696 
458,727.4506329105003,50.41308088119237,52.16755368723978 
459,726.7047464650192,50.206235209663134,52.05057790292423 
460,725.9282024076792,50.092292791657634,52.00783656710725 
461,726.04665712655,55.30771866408748,55.188955988631584 
462,725.7059932737208,51.76500572845719,52.7166802993018 
463,725.036613220011,50.59313748050872,52.27456934662182 
464,724.3127690185648,50.30063128763594,52.10862864364249 
465,723.551948036226,50.151635946940964,52.040152727374995 
466,723.6651325852488,55.176361481760715,55.052719108090514 
467,723.2758720227089,51.69348095360789,52.74011322094163 
468,722.6007372702499,50.594862828615405,52.27568937689162 
469,721.8609460530316,50.30372977348039,52.139501656147 
470,721.0989579138205,50.17993584926263,52.0683323491549 
471,721.1836556462296,55.12100230592839,55.03861265192132 
472,720.7543320967245,51.56053204293425,52.68583693809991 
473,720.0739422993103,50.57114818984132,52.27319237910823 
474,719.3472077657924,50.29942498078982,52.12222573948811 
475,718.5880554496447,50.16460153568527,52.061074583531166 
476,718.6724976580513,55.03125184903378,54.97607783857325 
477,718.2740599611323,51.533906191724846,52.626928440513765 
478,717.5905530401564,50.490283638468064,52.217128305197065 
479,716.8597402194963,50.2311628522977,52.0711307447814 
480,716.0983192387479,50.105781057804194,52.01788186659149 
481,716.1831747544526,55.25197185508718,55.21170647285781 
482,715.8328357310054,51.86561321555535,52.8567772224016 
483,715.1977699680549,50.71801826409931,52.338984179856894 
484,714.5020633478994,50.35609422757417,52.13207782770193 
485,713.7653071349923,50.176130298555556,52.05223231951176 
486,713.9079641580262,55.32428137891279,55.170879198379964 
487,713.5490697762941,51.712776700897585,52.7386614631967 
488,712.8905252104634,50.600803453979246,52.2895860872836 
489,712.1836021918701,50.330791798013124,52.135447968365305 
490,711.4553234118196,50.18422925614367,52.04814633076521 
491,711.6785004832057,56.12913184470733,55.754536196475826 
492,711.4402534618841,52.25308000713159,52.99336225227851 
493,710.8136171689173,50.82940836847956,52.43860585552142 
494,710.1339909566559,50.475761822593874,52.22066836379813 
495,709.4159229002654,50.272888083642485,52.11163634509376 
496,709.4792074302459,54.64092708619024,54.64493707949022 
497,709.0291745514885,51.355780379498476,52.58245562083622 
498,708.3718476794772,50.515932609115694,52.22483454327109 
499,707.6662931968242,50.262675522518535,52.08926354285699 
500,706.9318021152719,50.12928343579274,52.02056557912129 
501,707.071589419237,55.35187515520008,55.20603876867356 
502,706.7634956709906,51.78839092042982,52.71436882280688 
503,706.1189363183352,50.59490266163589,52.265476424098345 
504,705.4298575840331,50.30359061816048,52.094403903329415 
505,704.7050860760195,50.143991899235566,52.02375403493602 
506,704.8252294781158,55.06983512403405,55.01844738732108 
507,704.4790581002081,51.53551646313141,52.58344273574877 
508,703.8170068133312,50.47073848600953,52.202144409473 
509,703.1067312191618,50.245610659043955,52.094667804644665 
510,702.3763036614332,50.13649619624427,52.033011612778616 
511,702.4177125807897,54.804143218043365,54.93613695226733 
512,702.1352172253925,51.69800254040278,52.62460460488842 
513,701.4839958312676,50.45899809132518,52.18171036141633 
514,700.7822645459061,50.19980967606886,52.04529632638065 
515,700.0500272898313,50.08168370458138,52.00384441158011 
516,700.0725754976138,54.22320471902103,54.40622144119802 
517,699.572865854426,51.048223957347645,52.44940272590962 
518,698.9010859392313,50.39347546981915,52.180236187601096 
519,698.1941348095137,50.19371465577122,52.0617631324886 
520,697.4585085989274,50.08834547092725,52.01757730452799 
521,697.4195109362988,53.860796260627495,54.180099378576585 
522,696.8928561475094,50.99362109478966,52.4449326915279 
523,696.2149033805125,50.34460932507781,52.14871212509705 
524,695.499734371667,50.17532484552549,52.06833555960214 
525,694.7750232367358,50.099172220366555,52.01964386639341 
526,694.8819590842918,54.92946944963877,54.91650227405009 
527,694.516044970914,51.42756065867036,52.54400362838355 
528,693.8787732959415,50.442575018146286,52.168638441538775 
529,693.1860580742895,50.19684335913355,52.05616149896484 
530,692.4669682874916,50.09271627915872,52.009059205111555 
531,692.3941419871444,53.97119060118717,54.37826391205229 
532,691.9844799398252,51.394461339970036,52.608825278092866 
533,691.3340848233202,50.499637204617954,52.2490108824017 
534,690.6427467397908,50.276616354300366,52.124162734569374 
535,689.9341917205053,50.16283708113458,52.05482119239414 
536,690.0196570090502,54.634991875951094,54.653804097774255 
537,689.5433457505667,51.23582906977031,52.57308036419087 
538,688.9060381606295,50.528732545284875,52.25995761031181 
539,688.2252536793537,50.28245815712328,52.11927225259643 
540,687.5228870508294,50.161739228061386,52.04815903623512 
541,687.6594720355527,54.608918880731395,54.56658108787063 
542,687.1906673557211,51.05884054797327,52.42774040138014 
543,686.5483420024749,50.37868965058733,52.137225851461466 
544,685.8602657098014,50.17548422920799,52.03371700919336 
545,685.140342796706,50.075357399616394,52.0009376573129 
546,685.2652800751067,55.350069007947745,55.297381468264994 
547,684.9414602878987,51.91814725781662,52.94952593922754 
548,684.3669244836902,50.795413559841165,52.40427709037068 
549,683.72797790274,50.410606340878495,52.16712323911805 
550,683.0399902542372,50.20182884237716,52.06543014779067 
551,683.1909175346624,55.47413527325133,55.291637739403285 
552,682.8966729074979,51.89758731595699,52.83158141693595 
553,682.3108087924074,50.72182679590735,52.342362905799334 
554,681.6666721272767,50.37714073741366,52.1447288150803 
555,680.9773980642635,50.194533464577404,52.060844308761176 
556,681.001697977677,54.60423318301093,54.753664419798085 
557,680.62742808879,51.66748214623549,52.79981113150122 
558,680.0153881747443,50.67102421699877,52.34301229053548 
559,679.3486166606607,50.370190347563565,52.175656918669134 
560,678.6613487309734,50.21803564642,52.07869635058863 
561,678.7034347236842,54.569077783052705,54.69254833900573 
562,678.249911669846,51.49415578363562,52.782330100746215 
563,677.6447399699427,50.71074182410928,52.36469191863174 
564,676.9876742530611,50.397906652044355,52.185247333982986 
565,676.3003872557173,50.2321278295956,52.091278534363234 
566,676.2746112761835,53.93647927434803,54.27341327395849 
567,675.7344608805181,51.0770993321794,52.58154362314708 
568,675.0859685028055,50.528941762484266,52.29142829346963 
569,674.410980522425,50.31444061477979,52.151318051713794 
570,673.7151573446496,50.18871750480582,52.07449656318004 
571,673.7077622524556,54.16040969084762,54.444710220646186 
572,673.2765866085284,51.31079499843004,52.59509540121615 
573,672.6416232284291,50.53289395192783,52.266402709049174 
574,671.9703100349286,50.29452555578919,52.12101359756123 
575,671.2732373294486,50.15969341713557,52.055840642817344 
576,671.2449031578798,54.04212142783409,54.35280202735825 
577,670.7418531968751,51.22849216724609,52.64526030650441 
578,670.1262644274462,50.57758646996628,52.293292978033314 
579,669.4629544539639,50.317546227345204,52.14934333929044 
580,668.7776724454394,50.189061451859054,52.07395086579925 
581,668.7526356405828,53.73149514986109,54.127085427025555 
582,668.3068702248536,50.956604828181575,52.32524243582727 
583,667.6483476287656,50.2513885275324,52.07475307881709 
584,666.9559928132794,50.1162166023472,52.02043987437147 
585,666.2498858947223,50.060746360097106,52.0 
586,666.2286349917656,53.9943438902526,54.33989287604148 
587,665.7645959723828,51.15236653372301,52.537428859222 
588,665.1414923836996,50.41797352335168,52.16204657276141 
589,664.4669547874987,50.177428349628265,52.0537337853241 
590,663.7647770003758,50.080401566060736,52.018067545964215 
591,663.7768086607811,54.151521248493104,54.41854428828788 
592,663.3163811212527,51.16741619553648,52.5531317994811 
593,662.6907887289979,50.4955944516995,52.25113437495017 
594,662.0319021962277,50.26280808964143,52.102700171486006 
595,661.3486454732226,50.13036712573774,52.028650746688086 
596,661.3411472996529,54.15848740165376,54.43362425735695 
597,660.8645022276198,51.32628061854724,52.71228847459056 
598,660.2703026223259,50.63226204485687,52.320446290257614 
599,659.6312129585223,50.33990653266018,52.1397385941821 
600,658.9553030641656,50.17637876910717,52.05743449708731 
601,658.9693421642947,54.52259943448575,54.77971236641324 
602,658.6802415002848,51.706588370461624,52.71491787817725 
603,658.0727611507145,50.564122207135895,52.274067654439605 
604,657.4224345460797,50.30105377113786,52.118025968400936 
605,656.745783438201,50.161373329371465,52.044572445160355 
606,656.7838640871101,54.342230068264605,54.54345922128891 
607,656.3297584012429,51.3919878503669,52.73901278214611 
608,655.7337238492291,50.657202612233945,52.34458265687766 
609,655.091203619756,50.36852030549758,52.17140353091183 
610,654.4169084039102,50.21098987653532,52.0873872750554 
611,654.3650003319241,53.82776365964245,54.23125001595831 
612,653.8450365674236,51.243084989385316,52.72841706192722 
613,653.2476490078467,50.673030372867515,52.369431225167205 
614,652.6049633836183,50.39498352118955,52.202638246446824 
615,651.941372148101,50.240527861831985,52.10471795542701 
616,651.9101638631935,54.078240391792285,54.44953852045992 
617,651.5710170107767,51.550260968286224,52.68055001897976 
618,650.9805725728621,50.54529812711886,52.24271560649049 
619,650.33146437797,50.2791481631326,52.11620818515643 
620,649.6642343787106,50.15886952067074,52.04353865885169 
621,649.6372278045193,54.0271619086293,54.407001606719525 
622,649.2622559561721,51.27649509345819,52.49887564035279 
623,648.6336159530144,50.43724549887159,52.21827136396167 
624,647.981321053653,50.25705424507166,52.102550597037876 
625,647.3170065638355,50.14875145426237,52.02858821586211 
626,647.2813547301735,53.71284931572596,54.140743334154 
627,646.8706151027822,51.13734959329819,52.45640215715277 
628,646.253965195761,50.384292424664,52.15551391581294 
629,645.5898643697793,50.18440396301126,52.063892940865045 
630,644.9087635707886,50.10135105136974,52.02308123110046 
631,644.8080031010913,53.59158859032941,54.14688112049493 
632,644.3172920566965,51.16256389782343,52.62670317214997 
633,643.7226086720572,50.58486268005841,52.31112341526884 
634,643.0880510217455,50.326699621882966,52.151315823398015 
635,642.4239338256438,50.18235326975354,52.07379797118254 
636,642.3678516639311,53.637007339425324,54.09053730013674 
637,641.8690237106649,51.02820939869636,52.527492478650316 
638,641.268435332518,50.48139371261635,52.234459541036315 
639,640.6317534379399,50.25874546203369,52.09844744748594 
640,639.9668365854662,50.13935093408338,52.04068017912406 
641,639.9441674980397,54.249838584624555,54.619753143202864 
642,639.5680606790228,51.4369136637907,52.68650256769623 
643,638.9770030791949,50.543318681264516,52.27939767943633 
644,638.3520981085514,50.3009054089504,52.12298383965688 
645,637.7029323527388,50.16433968153293,52.04059384669105 
646,637.6453612409942,53.56897864106964,54.0356220869248 
647,637.1533849451733,51.037910191385315,52.52037271558893 
648,636.5422898965611,50.486694550745845,52.2604656017564 
649,635.908872621892,50.29328157331165,52.137484684906894 
650,635.255650765452,50.17574376955179,52.06930079812334 
651,635.2567011021755,54.01987299064069,54.394398570870436 
652,634.8537611623956,51.30266703730292,52.62270512816325 
653,634.2807605449032,50.53183043763236,52.24217775188991 
654,633.6494038461321,50.261581131520174,52.10514124463928 
655,632.9949133567222,50.143269431667605,52.04372546598362 
656,633.0872831629068,54.46040514775256,54.56245935737347 
657,632.6716123735673,51.30309896152087,52.639991426539765 
658,632.0989825578711,50.578249280097424,52.297910951306775 
659,631.4835881301977,50.32297274324679,52.1480141726565 
660,630.8437340479007,50.190157225834206,52.0721543239589 
661,630.9156207390635,54.67123865586326,54.80586959473886 
662,630.5923232310018,51.62349490506813,52.78669865039499 
663,630.0382877879845,50.67677563390077,52.36626295651692 
664,629.4453949133673,50.39116434948092,52.17750042288894 
665,628.821403328365,50.220352437575826,52.08585721659432 
666,628.7113203261953,52.94048070826514,53.64357634078196 
667,628.20937747529,50.838068311201994,52.43162895649714 
668,627.6240677027979,50.367948435750336,52.15543726967087 
669,626.9966564275121,50.18143140698801,52.06098388386075 
670,626.3499160887934,50.094698881043996,52.02266918560857 
671,626.286443659095,53.35616072611058,53.917627635858395 
672,625.7762688450733,50.88529491026427,52.49855114843311 
673,625.1918669205991,50.46098273888908,52.246936686769715 
674,624.5737898468352,50.265851542679755,52.13173138754609 
675,623.9458638149354,50.16636764370823,52.06079514085518 
676,623.9506630875499,53.895921238304076,54.31553754612436 
677,623.5526454017679,51.2700457394673,52.62332540564969 
678,623.009865984074,50.53291667169216,52.226571146734884 
679,622.4077063623347,50.252857664678146,52.08796924918698 
680,621.7783165468012,50.12816204656879,52.0291649177427 
681,621.6019095224924,52.905875712194934,53.724163152757036 
682,621.119397831608,50.97929169131045,52.538289246925814 
683,620.5563073305,50.480374700866236,52.23102168120714 
684,619.9498047434797,50.25911638506124,52.109529736082784 
685,619.3251758372834,50.14821931009208,52.04404732841665 
686,619.3822614864707,54.253005597598616,54.52341676108115 
687,619.0432355223488,51.342607936762136,52.58267531783722 
688,618.4713556631679,50.47647238862233,52.23210966184338 
689,617.8682292276233,50.25782517010193,52.09736554416107 
690,617.2469934396813,50.138409544312566,52.027492812970905 
691,617.1355244882402,52.7385824312969,53.44396274179547 
692,616.636384236767,50.573419325277605,52.194160338089276 
693,616.0230087445731,50.17976626356677,52.05170934229288 
694,615.3865530705896,50.08492038338625,52.00808783282901 
695,614.7318416567499,50.032640957567175,52.0 
696,614.7149034685659,53.81840020101686,54.273337262985365 
697,614.3333839376811,51.18620897706331,52.54531463809015 
698,613.7535970083882,50.43763091884415,52.240852631390005 
699,613.141740595981,50.24517088762151,52.12457426200308 
700,612.5155583752322,50.148693263975595,52.06085058488854 
701,612.3853589001575,53.00665940444239,53.75563118991935 
702,611.9076428690296,50.903294657708535,52.453717834845044 
703,611.3183064071094,50.408263886546024,52.22958377258128 
704,610.7080655823768,50.24809029951868,52.1287664723036 
705,610.0894941672769,50.16131003052777,52.064512583961196 
706,610.0385587802205,53.538515347757546,54.109754781278106 
707,609.6279853871862,51.079729158789895,52.50525606131296 
708,609.0528162705682,50.44456116488133,52.23850957617317 
709,608.4577809397522,50.26033803958234,52.11259484973242 
710,607.8461523845713,50.14903435345621,52.04585863275839 
711,607.800498739191,53.5860707671513,54.14967504768297 
712,607.401144606271,51.21967659501774,52.6278491605038 
713,606.8591979788091,50.52687871004712,52.25388620547478 
714,606.2694424625869,50.26561565548859,52.104126959072595 
715,605.6553160732102,50.14105785602893,52.03782018360657 
716,605.5048070098837,52.910778610534464,53.70431999696508 
717,605.046389868461,50.87141125700708,52.392752544484985 
718,604.4553881316565,50.32853575083504,52.1511565401736 
719,603.8360957520848,50.17579582540155,52.07456060453701 
720,603.2036886299306,50.1009100894474,52.03309506672614 
721,603.1157362501417,53.294632559686235,53.94576522902342 
722,602.642257880672,51.02386455203673,52.5562274665154 
723,602.0736031842379,50.502054499556166,52.28331296284733 
724,601.4840840594142,50.30467046987335,52.14435839980263 
725,600.8739600365262,50.17718796421279,52.06704047702256 
726,600.6638072173633,52.305332205245385,53.27284322850575 
727,600.1332201669924,50.531306109228076,52.24866694198017 
728,599.5366356108376,50.214903225759606,52.08147721759502 
729,598.9121535910604,50.10182385465644,52.03207593522306 
730,598.2780497017139,50.05620731019462,52.00884433378063 
731,598.1493422986688,53.1064269403735,53.89257262373445 
732,597.7082210757532,50.998017095440915,52.51745734067104 
733,597.1485240846614,50.415311386513196,52.20294672316338 
734,596.5600625986785,50.2176915542527,52.09104563734743 
735,595.9578292684199,50.121284134990994,52.030196537729 
736,595.8426916481322,52.78421872868861,53.57257711705871 
737,595.3803870446038,50.74740928529081,52.34031785696284 
738,594.8112932448668,50.31285364766512,52.14451801826056 
739,594.2284545495818,50.17691514138519,52.055677679495744 
740,593.6286650429336,50.09362633347483,52.01125896432118 
741,593.4612984815111,52.966264996956355,53.83185410887929 
742,593.0190442664388,51.13933389367718,52.67463803606002 
743,592.4868287032435,50.60471597248999,52.3567695736843 
744,591.9288586209418,50.37588192807226,52.19801567519167 
745,591.3540514039307,50.23233371440886,52.09792814825367 
746,591.328456378172,53.54892936829628,54.0898613891872 
747,590.9442381932117,51.00706349507319,52.42971519692826 
748,590.3999136286371,50.395812693224954,52.186723910415175 
749,589.8275989410524,50.22120259523203,52.084772041333 
750,589.23299754675,50.12076000210893,52.03609404281562 
751,589.1590369578421,53.40788968197583,54.059618724877815 
752,588.7738039013495,51.113242436936986,52.53099424252499 
753,588.2393502900259,50.436463450072814,52.20265072842756 
754,587.6662362731863,50.21817764309886,52.08257654671208 
755,587.0747526177659,50.114534516323126,52.026929295013616 
756,587.0391837859828,53.60000529519216,54.11539318232896 
757,586.6515682593484,51.19169094445782,52.613306590350085 
758,586.1207018735693,50.516229449823875,52.28521814308769 
759,585.5553291873538,50.31582936254626,52.17058613513766 
760,584.9753104663404,50.201687593641665,52.098825003359856 
761,584.9080659241147,53.366964298364685,54.00759528528922 
762,584.5035010994916,51.115932306245966,52.5907233676454 
763,583.975481853008,50.51156155815947,52.28151298248459 
764,583.4195158798518,50.31182812267273,52.16151769735187 
765,582.8517520873955,50.19965524727711,52.08677175622933 
766,582.7956239780832,53.22110418861802,53.87628446510668 
767,582.3930158852329,50.970387894540295,52.47041762601571 
768,581.8654388115747,50.380109329796745,52.173359389616486 
769,581.2998129160904,50.20233465538979,52.08521466872337 
770,580.7244684014518,50.12221505237636,52.03490565752816 
771,580.5637928915515,52.60267791281102,53.53160207985312 
772,580.1474445107169,50.82766086483087,52.38265078591662 
773,579.6178056485705,50.328995990556635,52.1443723743112 
774,579.0548357964196,50.16976613357266,52.065780244253595 
775,578.4805462266348,50.09719061409986,52.02473420967984 
776,578.4208259634237,53.533414729138265,54.19281441484815 
777,578.0716713552902,51.25366922088757,52.63857909450604 
778,577.5639606822467,50.523528131632524,52.29142508177599 
779,577.0277398430529,50.29846994234529,52.14298498813669 
780,576.4716996169952,50.17304941073656,52.067920717104236 
781,576.3766319450895,53.11647247665014,53.88050212099858 
782,575.9438235195694,51.03246704405328,52.5984516774843 
783,575.424012609002,50.54597962544798,52.32992321167557 
784,574.8859201463328,50.3571966020217,52.20110928564608 
785,574.3368082260815,50.23482956556443,52.11474323840174 
786,574.2552410803488,53.18410732715636,53.9418176227263 
787,573.8633582957474,51.11949803608282,52.62142188734198 
788,573.3696018369749,50.57074703809673,52.31947527884322 
789,572.8509860993036,50.34939910400061,52.1634114219895 
790,572.3114196314293,50.204041934677825,52.06982225110718 
791,572.2156953965836,53.03423336781631,53.81034401264027 
792,571.8209892560587,50.99587977207844,52.51496296261672 
793,571.3305995355598,50.47959434444835,52.24090912989104 
794,570.8117574771635,50.274323960782134,52.11034718406019 
795,570.273057594631,50.152272035749824,52.04517935027288 
796,570.157184760323,52.70362457531858,53.58400375878289 
797,569.7476620983173,50.891963497311316,52.47870787647055 
798,569.264356055981,50.437542694252386,52.20442160423926 
799,568.7457753086418,50.228002913443646,52.08217535075655 
800,568.2018325752588,50.11870119156186,52.031564235839966 
801,568.1168850133646,52.951356641741086,53.73544431066702 
802,567.7170834617433,50.86174842559539,52.4369198289968 
803,567.2135740211864,50.350567861015215,52.17190119072455 
804,566.6768388106987,50.17626772690432,52.07703496543236 
805,566.1276274228867,50.0957429581207,52.02710289072599 
806,566.0044404919375,52.585047879002694,53.46579069794315 
807,565.5579966618529,50.649532404992286,52.32811366268423 
808,565.0430242996003,50.297177594709495,52.14765779858544 
809,564.5070328593737,50.162990930302556,52.06365730934789 
810,563.9589295113186,50.09030380336227,52.01975395282662 
811,563.8033913775434,52.59020399032095,53.57049204463154 
812,563.4091583904977,50.90223850325059,52.475559994655505 
813,562.9202377595524,50.386448437038034,52.18369539860259 
814,562.3975224236239,50.19803477411719,52.07636474893151 
815,561.857891776255,50.105939201309646,52.025597893043155 
816,561.7470264897421,52.90018450436504,53.78104783825 
817,561.3967196163372,51.02827845616411,52.508355051125704 
818,560.9038784693587,50.45594956267147,52.25404358854494 
819,560.398158573106,50.276975630753945,52.124527712917036 
820,559.8783788339896,50.163888522118164,52.047948677988344 
821,559.7217284357275,52.14727150568019,53.196393379022076 
822,559.2897613131587,50.60175431089513,52.28608079504747 
823,558.7927308740407,50.2705551072104,52.10484766370726 
824,558.269343975217,50.13399833833235,52.026978610211586 
825,557.7275725755661,50.06558864868575,52.0005570929 
826,557.5341190002921,52.059655790646474,53.18075169806627 
827,557.0921283170876,50.664739693637195,52.3624666454099 
828,556.5966594880855,50.31348633683737,52.14221195811702 
829,556.0713268224364,50.16128145055173,52.06022163945402 
830,555.5395182134072,50.09451700997053,52.01457833271298 
831,555.3953661857037,52.30765692950768,53.317888476800576 
832,554.9517090082893,50.69472149697885,52.393665051892135 
833,554.4631928111891,50.35282901773745,52.1656217287422 
834,553.9435178687039,50.18691020760776,52.078364175787364 
835,553.4152799241302,50.112077483042626,52.028991248557205 
836,553.2623943728418,52.84430802965193,53.8084989719122 
837,552.8920941466441,51.237179214110874,52.747517617110766 
838,552.44296710649,50.720195210320554,52.43583065983651 
839,551.9727609794405,50.46050913844058,52.24186946620096 
840,551.4807861850121,50.28331498577745,52.12157147250375 
841,551.292753660563,52.4456094435388,53.530604332870716 
842,550.9073896307165,51.103581777499585,52.6680808553082 
843,550.4580388305312,50.64802583129001,52.37781120713851 
844,549.9853729468919,50.41628111852486,52.22357277837528 
845,549.499112234521,50.271555198904494,52.11927031172844 
846,549.4121814269243,53.025260033011776,53.84713290500374 
847,549.0517233222198,51.103107420833865,52.631238338875924 
848,548.5926812951845,50.589705840673474,52.356012661695495 
849,548.1082951689319,50.371090048890025,52.205511751841684 
850,547.6107933920406,50.239548247840666,52.11655938396165 
851,547.4349482601579,52.197615165270584,53.28818202661417 
852,547.049020840362,50.7602453954729,52.383246190568606 
853,546.5729592704682,50.344242986072516,52.176988402908634 
854,546.0774602630416,50.20488748994436,52.091302371620515 
855,545.5732612377927,50.130453871626365,52.039631505911395 
856,545.449419721636,52.39301359657374,53.39669367366372 
857,545.0532337374174,50.76956048043099,52.42375981029586 
858,544.5989023597353,50.368558497470524,52.169810604386825 
859,544.112357155577,50.189512106833156,52.064855600929356 
860,543.6084728119695,50.101694732485605,52.017389839443574 
861,543.4949033892267,52.49203942744255,53.47431834909143 
862,543.1274590814575,50.773707673331884,52.373447084347276 
863,542.6675466773072,50.29303725143635,52.10899274167521 
864,542.1768757185213,50.13077076226033,52.022963152441946 
865,541.6665081699774,50.05982367277649,52.00051618568661 
866,541.5500229710567,52.56303379917599,53.53681152094962 
867,541.1960254820251,50.87848502636754,52.4528310645335 
868,540.7455765531629,50.38637484269653,52.19912129135493 
869,540.2676796594664,50.22057221560991,52.098127142742875 
870,539.7778354705906,50.13117375456015,52.03787046801851 
871,539.6566135469079,52.646282040893716,53.620278276325585 
872,539.3152503378047,51.00309516051635,52.53838150454465 
873,538.8794472054332,50.47843171440865,52.247668376854236 
874,538.4173066153226,50.2729349372219,52.121653092534416 
875,537.9363930276683,50.15498252734767,52.05454227526486 
876,537.8391209730298,52.83256605291065,53.77205544047917 
877,537.5100141282921,51.105006204411644,52.63077807848322 
878,537.0924613541347,50.5884757106193,52.32854594622674 
879,536.6385956576935,50.34324448195639,52.17329848049157 
880,536.1662121088245,50.20904743679508,52.08650240120479 
881,536.0333419584072,52.25143951814097,53.31614687163811 
882,535.6512358751049,50.764478136617015,52.42967319580798 
883,535.2241593405588,50.41522165566468,52.19379489155054 
884,534.7665494021459,50.22995503630078,52.08079738578556 
885,534.2847906930833,50.11827699428449,52.02384244367175 
886,534.1278649659378,52.32007907226485,53.40617295651793 
887,533.7560772552416,50.914233234847984,52.54436542967839 
888,533.3267772667509,50.50243678803164,52.28323599294479 
889,532.8703788727137,50.29778574126828,52.14744053010359 
890,532.3969274118967,50.18266983800313,52.073642264244434 
891,532.2310319042377,52.245427244951074,53.371468752811744 
892,531.8513108784371,50.89179969711733,52.53856942200311 
893,531.4204546553316,50.50495627785955,52.28604138722404 
894,530.9662653162079,50.30843861569087,52.1526133292222 
895,530.4991036889062,50.18864382215382,52.06698202233843 
896,530.3401519227922,52.286334262187744,53.412524982021196 
897,530.0009712571957,50.96014453270181,52.54137344734402 
898,529.597820916166,50.50104991242846,52.24751850239713 
899,529.1651189222782,50.28131748715046,52.10267851008074 
900,528.7074527652438,50.14820964620969,52.031049771558806 
901,528.5256610406957,51.799422444968855,53.01919895417061 
902,528.1312856835168,50.57624019876626,52.295433235053956 
903,527.6816319495855,50.25254353865636,52.109867805479695 
904,527.2074250864482,50.12861200384758,52.04613766682979 
905,526.7268811800767,50.076084346979066,52.00996152181326 
906,526.5572068570362,52.107533615404876,53.30756168538592 
907,526.1919172612181,50.80847433962793,52.467903813372274 
908,525.7626971990809,50.40517157766819,52.214365224360236 
909,525.3060264037961,50.22687419963154,52.101158165392505 
910,524.8351870471404,50.12694019392968,52.04075254362363 
911,524.6561622993039,51.881966075627666,53.085644621772076 
912,524.2523363243643,50.51433549067623,52.26765691659996 
913,523.8002275218952,50.24625198566196,52.12036915730367 
914,523.3371215635542,50.14306370551303,52.055764047374964 
915,522.8693550218233,50.082330545126176,52.01260090809799 
916,522.6819986180012,51.776568636838995,53.047701972666104 
917,522.3026555669527,50.604236462889,52.331768751133446 
918,521.8640341818881,50.30237802260602,52.16618303186771 
919,521.4129665468618,50.19576549927224,52.09315146508898 
920,520.9556253361127,50.12517234182624,52.04056410361616 
921,520.8208674236371,52.16607845446298,53.31554031166478 
922,520.4850225518966,50.75330153435695,52.38894100811344 
923,520.0684196299694,50.368371741561624,52.18852367700385 
924,519.6329849897505,50.212428020195816,52.08286275727627 
925,519.1800469941408,50.11872765601643,52.02971135563703 
926,519.0892701028625,52.42643118927409,53.433466416501 
927,518.7224760783095,50.802358387151145,52.48146104557983 
928,518.3152888852503,50.47104477964311,52.26505145319578 
929,517.8887856332087,50.290078174493026,52.13516275752737 
930,517.4476011644937,50.17517347896162,52.0569778627098 
931,517.2411224983531,51.74515979154903,53.04778895730462 
932,516.8820461882025,50.68574610783577,52.37169645030124 
933,516.4696079053044,50.36825910398048,52.18137868274139 
934,516.034833246186,50.20853073834565,52.07605708745411 
935,515.5820669199185,50.110926439665505,52.02019482866368 
936,515.4635537038267,52.12701060706075,53.20778151324174 
937,515.104829072358,50.66790167391369,52.34587921453541 
938,514.6856988842994,50.32640580198714,52.15936908977318 
939,514.248831665841,50.181896317868926,52.06639262452922 
940,513.7994965640553,50.10158266651593,52.02343119104611 
941,513.7151374055285,52.51865847005933,53.549012093808386 
942,513.4089096835836,50.97582532894573,52.55480639351954 
943,513.0213319950755,50.51601728593361,52.28776172892389 
944,512.6059261673447,50.29582691919558,52.137268933845405 
945,512.1680152927686,50.16967162393168,52.064378435296355 
946,511.9517075942284,51.53258293161082,52.91427863546693 
947,511.59356689719607,50.57541567001961,52.295253347245364 
948,511.1839189458891,50.27674029042241,52.11717737577514 
949,510.750456053807,50.14193274421311,52.037052090016154 
950,510.2987458417421,50.062190328923556,52.002348147005605 
951,510.12255979373225,51.76803463821046,53.05712003529313 
952,509.76248280966416,50.652756977990826,52.373156680118996 
953,509.35686368877117,50.3239138978565,52.16051670328965 
954,508.92368703066336,50.164079323188325,52.064401972499155 
955,508.4727696492996,50.0849770757231,52.02533632894331 
956,508.2877884855853,51.86782464538338,53.157057092646234 
957,507.93722344252876,50.72732880839663,52.41890160413797 
958,507.535174499473,50.39273293249068,52.213305551079536 
959,507.11562285599746,50.23301323572158,52.10166986534317 
960,506.68070623944726,50.13194066793748,52.03926095319713 
961,506.5014208169754,51.96653235805916,53.21024732394658 
962,506.162006758459,50.807355976523546,52.46713103026843 
963,505.75904601120556,50.432738011847526,52.255440057548114 
964,505.34214482032496,50.28411481948095,52.15359422087046 
965,504.9181994196993,50.18860455966928,52.08021704556156 
966,504.77386325884925,52.073855439545824,53.24945682803337 
967,504.4488855276625,50.69457249522618,52.3436702522709 
968,504.04225307153797,50.32863646502638,52.17271976912674 
969,503.6180977348677,50.203655887746265,52.09305804999255 
970,503.18731216898146,50.13031282376285,52.045798043157355 
971,503.03025237788427,51.941953995066754,53.175575878605876 
972,502.68169450410375,50.67963604863279,52.3872037679598 
973,502.2743352055443,50.34906775218351,52.199451257747036 
974,501.8486547927778,50.21501090680489,52.112563233908936 
975,501.41440254571097,50.138866891579646,52.06019011055982 
976,501.2262931671958,51.76295461181024,53.074848440553176 
977,500.87402437683886,50.67026941762135,52.38269569485734 
978,500.46925142788797,50.353642564205096,52.19685683129343 
979,500.049642196645,50.21545938820182,52.102167965985736 
980,499.617911507861,50.12764322864774,52.05073762504364 
981,499.466879941525,52.15927238583189,53.371661539098355 
982,499.14295394526977,50.89771629460427,52.55922884095323 
983,498.76836003335643,50.530310164951324,52.321169561732916 
984,498.3766398351387,50.339572545962525,52.180252658636945 
985,497.9737381773205,50.21359297780039,52.090733599745064 
986,497.8336407553401,52.00409039556049,53.23495602163031 
987,497.53649068089675,50.81890163652676,52.45051559475302 
988,497.17076587760863,50.42114575613288,52.21854297855859 
989,496.78435263254124,50.246957112028895,52.104069999736915 
990,496.38103838999217,50.14349690782666,52.04548346429358 
991,496.25526253287717,52.24356380388773,53.440173304495474 
992,495.9751021330565,51.02332296815938,52.61388310567309 
993,495.62688664314163,50.57264660642354,52.33299779108256 
994,495.25275457547167,50.349952168381556,52.18036051243408 
995,494.8621811736192,50.21504436957705,52.09453465573483 
996,494.6948316607599,51.95610964097874,53.253444307582726 
997,494.38269954558376,50.946313829012965,52.60966481920793 
998,494.0369187711386,50.59554238888977,52.3587322214588 
999,493.6706881341151,50.3778648806564,52.20331161506089 
1000,493.28538556870353,50.23589615172113,52.110300958177795 
